Date,BTC_Close,BTC_Volume,SP500_Close,M2
2019-01-02,3943.409423828125,5244856836,2510.030029296875,14432.7
2019-01-03,3836.7412109375,4530215219,2447.889892578125,14432.7
2019-01-04,3857.717529296875,4847965467,2531.93994140625,14432.7
2019-01-07,4025.248291015625,5228625637,2549.68994140625,14432.7
2019-01-08,4030.847900390625,5306593305,2574.409912109375,14432.7
2019-01-09,4035.29638671875,5115905225,2584.9599609375,14432.7
2019-01-10,3678.924560546875,6874143796,2596.639892578125,14432.7
2019-01-11,3687.365478515625,5538712865,2596.260009765625,14432.7
2019-01-14,3706.05224609375,5651384490,2582.610107421875,14432.7
2019-01-15,3630.67529296875,5537192302,2610.300048828125,14432.7
2019-01-16,3655.0068359375,5394457145,2616.10009765625,14432.7
2019-01-17,3678.56396484375,5464420383,2635.9599609375,14432.7
2019-01-18,3657.83935546875,5002961727,2670.7099609375,14432.7
2019-01-22,3604.5771484375,5313623556,2632.89990234375,14432.7
2019-01-23,3585.123046875,5433755649,2638.699951171875,14432.7
2019-01-24,3600.865478515625,5262869046,2642.330078125,14432.7
2019-01-25,3599.765869140625,5265847539,2664.760009765625,14432.7
2019-01-28,3470.450439453125,6908930483,2643.85009765625,14432.7
2019-01-29,3448.116943359375,5897159493,2640.0,14432.7
2019-01-30,3486.181640625,5955112627,2681.050048828125,14432.7
2019-01-31,3457.792724609375,5831198271,2704.10009765625,14432.7
2019-02-01,3487.9453125,5422926707,2706.530029296875,14470.5
2019-02-04,3459.154052734375,5332718886,2724.8701171875,14470.5
2019-02-05,3466.357421875,5227549545,2737.699951171875,14470.5
2019-02-06,3413.767822265625,5482196038,2731.610107421875,14470.5
2019-02-07,3399.4716796875,5004962683,2706.050048828125,14470.5
2019-02-08,3666.7802734375,7735623101,2707.8798828125,14470.5
2019-02-11,3648.4306640625,6277056434,2709.800048828125,14470.5
2019-02-12,3653.528564453125,6480384532,2744.72998046875,14470.5
2019-02-13,3632.070556640625,6438903823,2753.030029296875,14470.5
2019-02-14,3616.880859375,6271044418,2745.72998046875,14470.5
2019-02-15,3620.810791015625,6091952231,2775.60009765625,14470.5
2019-02-19,3947.094482421875,9933626655,2779.760009765625,14470.5
2019-02-20,3999.820556640625,8693373948,2784.699951171875,14470.5
2019-02-21,3954.1181640625,7775128102,2774.8798828125,14470.5
2019-02-22,4005.526611328125,7826525254,2792.669921875,14470.5
2019-02-25,3882.6962890625,9318796067,2796.110107421875,14470.5
2019-02-26,3854.35791015625,7931218996,2793.89990234375,14470.5
2019-02-27,3851.04736328125,8301309684,2792.3798828125,14470.5
2019-02-28,3854.785400390625,8399767798,2784.489990234375,14470.5
2019-03-01,3859.583740234375,7661247975,2803.68994140625,14513.9
2019-03-04,3761.55712890625,9029175788,2792.81005859375,14513.9
2019-03-05,3896.375,10174126415,2789.64990234375,14513.9
2019-03-06,3903.942626953125,9175291529,2771.449951171875,14513.9
2019-03-07,3911.484375,9584165519,2748.929931640625,14513.9
2019-03-08,3901.131591796875,10638638944,2743.070068359375,14513.9
2019-03-11,3905.227294921875,10125901903,2783.300048828125,14513.9
2019-03-12,3909.15625,9809887079,2791.52001953125,14513.9
2019-03-13,3906.71728515625,9469184841,2810.919921875,14513.9
2019-03-14,3924.369140625,10480789570,2808.47998046875,14513.9
2019-03-15,3960.9111328125,9394210605,2822.47998046875,14513.9
2019-03-18,4032.50732421875,9646954186,2832.93994140625,14513.9
2019-03-19,4071.190185546875,9344919956,2832.570068359375,14513.9
2019-03-20,4087.476318359375,10175916388,2824.22998046875,14513.9
2019-03-21,4029.326904296875,10831212662,2854.8798828125,14513.9
2019-03-22,4023.96826171875,9252935969,2800.7099609375,14513.9
2019-03-25,3963.070556640625,10359818883,2798.360107421875,14513.9
2019-03-26,3985.080810546875,10707678815,2818.4599609375,14513.9
2019-03-27,4087.066162109375,10897131934,2805.3701171875,14513.9
2019-03-28,4069.107177734375,9353915899,2815.43994140625,14513.9
2019-03-29,4098.37451171875,10918665557,2834.39990234375,14513.9
2019-04-01,4158.18310546875,10157794171,2867.18994140625,14548.1
2019-04-02,4879.8779296875,21315047816,2867.239990234375,14548.1
2019-04-03,4973.02197265625,22899891582,2873.39990234375,14548.1
2019-04-04,4922.798828125,18251810240,2879.389892578125,14548.1
2019-04-05,5036.68115234375,16837325387,2892.739990234375,14548.1
2019-04-08,5289.77099609375,17154113634,2895.77001953125,14548.1
2019-04-09,5204.95849609375,14722104361,2878.199951171875,14548.1
2019-04-10,5324.5517578125,15504590933,2888.2099609375,14548.1
2019-04-11,5064.48779296875,16555616019,2888.320068359375,14548.1
2019-04-12,5089.5390625,13675206312,2907.409912109375,14548.1
2019-04-15,5067.1083984375,12290155061,2905.580078125,14548.1
2019-04-16,5235.5595703125,11618660197,2907.06005859375,14548.1
2019-04-17,5251.93798828125,12438480677,2900.449951171875,14548.1
2019-04-18,5298.3857421875,13256489918,2905.030029296875,14548.1
2019-04-22,5399.365234375,14601631648,2907.969970703125,14548.1
2019-04-23,5572.3623046875,15867308108,2933.679931640625,14548.1
2019-04-24,5464.86669921875,17048033399,2927.25,14548.1
2019-04-25,5210.515625,15330283408,2926.169921875,14548.1
2019-04-26,5279.34814453125,16812108040,2939.8798828125,14548.1
2019-04-29,5247.3525390625,13735490672,2943.030029296875,14548.1
2019-04-30,5350.7265625,13878964574,2945.830078125,14548.1
2019-05-01,5402.697265625,13679528236,2923.72998046875,14660.8
2019-05-02,5505.28369140625,14644460907,2917.52001953125,14660.8
2019-05-03,5768.28955078125,18720780006,2945.639892578125,14660.8
2019-05-06,5746.80712890625,15737171804,2932.469970703125,14660.8
2019-05-07,5829.50146484375,18026409033,2884.050048828125,14660.8
2019-05-08,5982.45751953125,15320605300,2879.419921875,14660.8
2019-05-09,6174.52880859375,16784645411,2870.719970703125,14660.8
2019-05-10,6378.84912109375,19419875368,2881.39990234375,14660.8
2019-05-13,7814.9150390625,28677672181,2811.8701171875,14660.8
2019-05-14,7994.416015625,32031452227,2834.409912109375,14660.8
2019-05-15,8205.16796875,28344112920,2850.9599609375,14660.8
2019-05-16,7884.9091796875,33167197581,2876.320068359375,14660.8
2019-05-17,7343.8955078125,30066644905,2859.530029296875,14660.8
2019-05-20,7978.30908203125,23843404340,2840.22998046875,14660.8
2019-05-21,7963.32763671875,25127245056,2864.360107421875,14660.8
2019-05-22,7680.06640625,24719473175,2856.27001953125,14660.8
2019-05-23,7881.8466796875,24457107820,2822.239990234375,14660.8
2019-05-24,7987.37158203125,25919126991,2826.06005859375,14660.8
2019-05-28,8719.9619140625,24226919267,2802.389892578125,14660.8
2019-05-29,8659.4873046875,23473479966,2783.02001953125,14660.8
2019-05-30,8319.47265625,29246528551,2788.860107421875,14660.8
2019-05-31,8574.501953125,25365190957,2752.06005859375,14660.8
2019-06-03,8208.9951171875,22004511436,2744.449951171875,14782.9
2019-06-04,7707.77099609375,24609731549,2803.27001953125,14782.9
2019-06-05,7824.2314453125,21760923463,2826.14990234375,14782.9
2019-06-06,7822.0234375,19474611077,2843.489990234375,14782.9
2019-06-07,8043.951171875,19141423231,2873.340087890625,14782.9
2019-06-10,8000.32958984375,18689275117,2886.72998046875,14782.9
2019-06-11,7927.71435546875,17107279932,2885.719970703125,14782.9
2019-06-12,8145.857421875,19034432883,2879.840087890625,14782.9
2019-06-13,8230.923828125,18669407147,2891.639892578125,14782.9
2019-06-14,8693.8330078125,19831162906,2886.97998046875,14782.9
2019-06-17,9320.3525390625,15562951919,2889.669921875,14782.9
2019-06-18,9081.7626953125,15848210536,2917.75,14782.9
2019-06-19,9273.521484375,15546809946,2926.4599609375,14782.9
2019-06-20,9527.16015625,17846823784,2954.179931640625,14782.9
2019-06-21,10144.556640625,20624008643,2950.4599609375,14782.9
2019-06-24,11011.1025390625,19271652365,2945.35009765625,14782.9
2019-06-25,11790.9169921875,24879684533,2917.3798828125,14782.9
2019-06-26,13016.2314453125,45105733173,2913.780029296875,14782.9
2019-06-27,11182.806640625,39977475223,2924.919921875,14782.9
2019-06-28,12407.33203125,35087757766,2941.760009765625,14782.9
2019-07-01,10583.134765625,29378589324,2964.330078125,14865.4
2019-07-02,10801.677734375,31015895223,2973.010009765625,14865.4
2019-07-03,11961.26953125,30796494294,2995.820068359375,14865.4
2019-07-05,10978.4599609375,23838480210,2990.409912109375,14865.4
2019-07-08,12285.9580078125,23482551458,2975.949951171875,14865.4
2019-07-09,12573.8125,28167921523,2979.6298828125,14865.4
2019-07-10,12156.5126953125,33627574244,2993.070068359375,14865.4
2019-07-11,11358.662109375,28595327690,2999.909912109375,14865.4
2019-07-12,11815.986328125,23534692797,3013.77001953125,14865.4
2019-07-15,10895.08984375,25384047207,3014.300048828125,14865.4
2019-07-16,9477.6416015625,24151199070,3004.0400390625,14865.4
2019-07-17,9693.802734375,24569921549,2984.419921875,14865.4
2019-07-18,10666.482421875,25187024648,2995.110107421875,14865.4
2019-07-19,10530.732421875,20727426310,2976.610107421875,14865.4
2019-07-22,10343.1064453125,16334414913,2985.030029296875,14865.4
2019-07-23,9900.767578125,17851916995,3005.469970703125,14865.4
2019-07-24,9811.92578125,17398734322,3019.56005859375,14865.4
2019-07-25,9911.841796875,15821952090,3003.669921875,14865.4
2019-07-26,9870.3037109375,14495714483,3025.860107421875,14865.4
2019-07-29,9519.1455078125,13791445323,3020.969970703125,14865.4
2019-07-30,9607.423828125,13829811132,3013.179931640625,14865.4
2019-07-31,10085.6279296875,16631520648,2980.3798828125,14865.4
2019-08-01,10399.6689453125,17165337858,2953.56005859375,14947.6
2019-08-02,10518.1748046875,17489094082,2932.050048828125,14947.6
2019-08-05,11805.6533203125,23875988832,2844.739990234375,14947.6
2019-08-06,11478.1689453125,23635107660,2881.77001953125,14947.6
2019-08-07,11941.96875,22194988641,2883.97998046875,14947.6
2019-08-08,11966.4072265625,19481591730,2938.090087890625,14947.6
2019-08-09,11862.9365234375,18339989960,2918.64990234375,14947.6
2019-08-12,11382.6162109375,13647198229,2882.699951171875,14947.6
2019-08-13,10895.830078125,16681503537,2926.320068359375,14947.6
2019-08-14,10051.7041015625,19990838300,2840.60009765625,14947.6
2019-08-15,10311.5458984375,22899115082,2847.60009765625,14947.6
2019-08-16,10374.3388671875,20228207096,2888.679931640625,14947.6
2019-08-19,10916.0537109375,16038264603,2923.64990234375,14947.6
2019-08-20,10763.232421875,15053082175,2900.510009765625,14947.6
2019-08-21,10138.0498046875,19473084768,2924.429931640625,14947.6
2019-08-22,10131.0556640625,17097508856,2922.949951171875,14947.6
2019-08-23,10407.96484375,15627023886,2847.110107421875,14947.6
2019-08-26,10370.8203125,18438654080,2878.3798828125,14947.6
2019-08-27,10185.5,14762609503,2869.159912109375,14947.6
2019-08-28,9754.4228515625,17603790323,2887.93994140625,14947.6
2019-08-29,9510.2001953125,17045878501,2924.580078125,14947.6
2019-08-30,9598.173828125,13595263986,2926.4599609375,14947.6
2019-09-03,10623.5400390625,19384917989,2906.27001953125,15039.5
2019-09-04,10594.4931640625,16742664769,2937.780029296875,15039.5
2019-09-05,10575.533203125,14551239508,2976.0,15039.5
2019-09-06,10353.302734375,19536574783,2978.7099609375,15039.5
2019-09-09,10334.974609375,17595943368,2978.429931640625,15039.5
2019-09-10,10115.9755859375,14906809639,2979.389892578125,15039.5
2019-09-11,10178.3720703125,15428063426,3000.929931640625,15039.5
2019-09-12,10410.126953125,15323563925,3009.570068359375,15039.5
2019-09-13,10360.546875,14109864675,3007.389892578125,15039.5
2019-09-16,10276.7939453125,15160167779,2997.9599609375,15039.5
2019-09-17,10241.2724609375,15304603363,3005.699951171875,15039.5
2019-09-18,10198.248046875,16169268880,3006.72998046875,15039.5
2019-09-19,10266.4150390625,19937691247,3006.7900390625,15039.5
2019-09-20,10181.6416015625,14734189639,2992.070068359375,15039.5
2019-09-23,9729.32421875,15144925408,2991.780029296875,15039.5
2019-09-24,8620.56640625,25002886689,2966.60009765625,15039.5
2019-09-25,8486.9931640625,21744728353,2984.8701171875,15039.5
2019-09-26,8118.9677734375,19258205289,2977.6201171875,15039.5
2019-09-27,8251.845703125,16408941156,2961.7900390625,15039.5
2019-09-30,8293.8681640625,17115474183,2976.739990234375,15039.5
2019-10-01,8343.2763671875,15305343413,2940.25,15174.6
2019-10-02,8393.0419921875,13125712443,2887.610107421875,15174.6
2019-10-03,8259.9921875,13668823409,2910.6298828125,15174.6
2019-10-04,8205.939453125,13139456229,2952.010009765625,15174.6
2019-10-07,8245.623046875,18009742607,2938.7900390625,15174.6
2019-10-08,8228.783203125,15592264032,2893.06005859375,15174.6
2019-10-09,8595.740234375,19384942333,2919.39990234375,15174.6
2019-10-10,8586.4736328125,17618660671,2938.1298828125,15174.6
2019-10-11,8321.7568359375,19604381101,2970.27001953125,15174.6
2019-10-14,8374.6865234375,15151387859,2966.14990234375,15174.6
2019-10-15,8205.369140625,15220412632,2995.679931640625,15174.6
2019-10-16,8047.52685546875,16071646996,2989.68994140625,15174.6
2019-10-17,8103.9111328125,14313052244,2997.949951171875,15174.6
2019-10-18,7973.20751953125,15651592610,2986.199951171875,15174.6
2019-10-21,8243.720703125,15868748866,3006.719970703125,15174.6
2019-10-22,8078.203125,16803377857,2995.989990234375,15174.6
2019-10-23,7514.671875,21942878958,3004.52001953125,15174.6
2019-10-24,7493.48876953125,16268708849,3010.2900390625,15174.6
2019-10-25,8660.7001953125,28705065488,3022.550048828125,15174.6
2019-10-28,9256.1484375,30948255332,3039.419921875,15174.6
2019-10-29,9427.6875,28426779937,3036.889892578125,15174.6
2019-10-30,9205.7265625,27706531577,3046.77001953125,15174.6
2019-10-31,9199.5849609375,26583653947,3037.56005859375,15174.6
2019-11-01,9261.1044921875,24324691031,3066.909912109375,15273.3
2019-11-04,9412.6123046875,26170255634,3078.27001953125,15273.3
2019-11-05,9342.52734375,26198609048,3074.6201171875,15273.3
2019-11-06,9360.8798828125,23133895765,3076.780029296875,15273.3
2019-11-07,9267.5615234375,22700383839,3085.179931640625,15273.3
2019-11-08,8804.880859375,24333037836,3093.080078125,15273.3
2019-11-11,8757.7880859375,20265510765,3087.010009765625,15273.3
2019-11-12,8815.662109375,20309769107,3091.840087890625,15273.3
2019-11-13,8808.2626953125,17545755405,3094.0400390625,15273.3
2019-11-14,8708.0947265625,19084739975,3096.6298828125,15273.3
2019-11-15,8491.9921875,21796856471,3120.4599609375,15273.3
2019-11-18,8309.2861328125,21579470673,3122.030029296875,15273.3
2019-11-19,8206.1455078125,21083613816,3120.179931640625,15273.3
2019-11-20,8027.26806640625,20764300437,3108.4599609375,15273.3
2019-11-21,7642.75,22514243371,3103.5400390625,15273.3
2019-11-22,7296.57763671875,34242315785,3110.2900390625,15273.3
2019-11-25,7146.1337890625,42685231262,3133.639892578125,15273.3
2019-11-26,7218.37109375,21129505542,3140.52001953125,15273.3
2019-11-27,7531.66357421875,23991412764,3153.6298828125,15273.3
2019-11-29,7761.24365234375,19709695456,3140.97998046875,15273.3
2019-12-02,7321.98828125,17082040706,3113.8701171875,15334.3
2019-12-03,7320.1455078125,14797485769,3093.199951171875,15334.3
2019-12-04,7252.03466796875,21664240918,3112.760009765625,15334.3
2019-12-05,7448.3076171875,18816085231,3117.429931640625,15334.3
2019-12-06,7546.99658203125,18104466307,3145.909912109375,15334.3
2019-12-09,7400.8994140625,17872021272,3135.9599609375,15334.3
2019-12-10,7278.11962890625,18249031195,3132.52001953125,15334.3
2019-12-11,7217.42724609375,16350490689,3141.6298828125,15334.3
2019-12-12,7243.13427734375,18927080224,3168.570068359375,15334.3
2019-12-13,7269.6845703125,17125736940,3168.800048828125,15334.3
2019-12-16,6932.48046875,20213265950,3191.449951171875,15334.3
2019-12-17,6640.51513671875,22363804217,3192.52001953125,15334.3
2019-12-18,7276.802734375,31836522778,3191.139892578125,15334.3
2019-12-19,7202.84423828125,25904604416,3205.3701171875,15334.3
2019-12-20,7218.81640625,22633815180,3221.219970703125,15334.3
2019-12-23,7355.62841796875,27831788041,3224.010009765625,15334.3
2019-12-24,7322.5322265625,22991622105,3223.3798828125,15334.3
2019-12-26,7238.966796875,22787010034,3239.909912109375,15334.3
2019-12-27,7290.08837890625,22777360996,3240.02001953125,15334.3
2019-12-30,7292.9951171875,22874131672,3221.2900390625,15334.3
2019-12-31,7193.59912109375,21167946112,3230.780029296875,15334.3
2020-01-02,6985.47021484375,20802083465,3257.85009765625,15401.3
2020-01-03,7344.88427734375,28111481032,3234.85009765625,15401.3
2020-01-06,7769.21923828125,23276261598,3246.280029296875,15401.3
2020-01-07,8163.6923828125,28767291327,3237.179931640625,15401.3
2020-01-08,8079.86279296875,31672559265,3253.050048828125,15401.3
2020-01-09,7879.0712890625,24045990466,3274.699951171875,15401.3
2020-01-10,8166.55419921875,28714583844,3265.35009765625,15401.3
2020-01-13,8144.1943359375,22482910688,3288.1298828125,15401.3
2020-01-14,8827.7646484375,44841784107,3283.14990234375,15401.3
2020-01-15,8807.0107421875,40102834650,3289.2900390625,15401.3
2020-01-16,8723.7861328125,31313981931,3316.81005859375,15401.3
2020-01-17,8929.0380859375,36372139320,3329.6201171875,15401.3
2020-01-21,8745.89453125,24097418512,3320.7900390625,15401.3
2020-01-22,8680.8759765625,22600204051,3321.75,15401.3
2020-01-23,8406.515625,25770680779,3325.5400390625,15401.3
2020-01-24,8445.4345703125,24397913026,3295.469970703125,15401.3
2020-01-27,8909.8193359375,28647338393,3243.6298828125,15401.3
2020-01-28,9358.58984375,34398744403,3276.239990234375,15401.3
2020-01-29,9316.6298828125,30682598115,3273.39990234375,15401.3
2020-01-30,9508.9931640625,32378792851,3283.659912109375,15401.3
2020-01-31,9350.529296875,29432489719,3225.52001953125,15401.3
2020-02-03,9293.521484375,30934096509,3248.919921875,15453.8
2020-02-04,9180.962890625,29893183716,3297.590087890625,15453.8
2020-02-05,9613.423828125,35222060874,3334.68994140625,15453.8
2020-02-06,9729.8017578125,37628823716,3345.780029296875,15453.8
2020-02-07,9795.943359375,34522718159,3327.7099609375,15453.8
2020-02-10,9856.611328125,39386548075,3352.090087890625,15453.8
2020-02-11,10208.236328125,37648059389,3357.75,15453.8
2020-02-12,10326.0546875,43444303830,3379.449951171875,15453.8
2020-02-13,10214.3798828125,49356071373,3373.93994140625,15453.8
2020-02-14,10312.1162109375,43338264162,3380.159912109375,15453.8
2020-02-18,10141.99609375,47271023953,3370.2900390625,15453.8
2020-02-19,9633.38671875,46992019710,3386.14990234375,15453.8
2020-02-20,9608.4755859375,44925260237,3373.22998046875,15453.8
2020-02-21,9686.44140625,40930547513,3337.75,15453.8
2020-02-24,9650.1748046875,45080496648,3225.889892578125,15453.8
2020-02-25,9341.705078125,42515259129,3128.2099609375,15453.8
2020-02-26,8820.5224609375,50420050762,3116.389892578125,15453.8
2020-02-27,8784.494140625,45470195695,2978.760009765625,15453.8
2020-02-28,8672.455078125,44605450443,2954.219970703125,15453.8
2020-03-02,8869.669921875,42857674409,3090.22998046875,15980.6
2020-03-03,8787.7861328125,42386715821,3003.3701171875,15980.6
2020-03-04,8755.24609375,34746706368,3130.1201171875,15980.6
2020-03-05,9078.7626953125,39698054597,3023.93994140625,15980.6
2020-03-06,9122.5458984375,40826885651,2972.3701171875,15980.6
2020-03-09,7923.64453125,46936995808,2746.56005859375,15980.6
2020-03-10,7909.7294921875,42213940994,2882.22998046875,15980.6
2020-03-11,7911.43017578125,38682762605,2741.3798828125,15980.6
2020-03-12,4970.7880859375,53980357243,2480.639892578125,15980.6
2020-03-13,5563.70703125,74156772075,2711.02001953125,15980.6
2020-03-16,5014.47998046875,45368026430,2386.1298828125,15980.6
2020-03-17,5225.62939453125,38622642935,2529.18994140625,15980.6
2020-03-18,5238.4384765625,37878801016,2398.10009765625,15980.6
2020-03-19,6191.19287109375,51000731797,2409.389892578125,15980.6
2020-03-20,6198.7783203125,54442976103,2304.919921875,15980.6
2020-03-23,6416.31494140625,46491916000,2237.39990234375,15980.6
2020-03-24,6734.8037109375,48221910672,2447.330078125,15980.6
2020-03-25,6681.06298828125,44590107888,2475.56005859375,15980.6
2020-03-26,6716.4404296875,35319797642,2630.070068359375,15980.6
2020-03-27,6469.79833984375,34585598367,2541.469970703125,15980.6
2020-03-30,6429.841796875,37101651525,2626.64990234375,15980.6
2020-03-31,6438.64453125,32786468812,2584.590087890625,15980.6
2020-04-01,6606.7763671875,40346426266,2470.5,16999.0
2020-04-02,6793.62451171875,47660646124,2526.89990234375,16999.0
2020-04-03,6733.38720703125,38976504903,2488.64990234375,16999.0
2020-04-06,7271.78125,46896904615,2663.679931640625,16999.0
2020-04-07,7176.41455078125,44243482668,2659.409912109375,16999.0
2020-04-08,7334.0986328125,37563249549,2749.97998046875,16999.0
2020-04-09,7302.08935546875,34815139178,2789.820068359375,16999.0
2020-04-13,6845.03759765625,38619308647,2761.6298828125,16999.0
2020-04-14,6842.427734375,34110434052,2846.06005859375,16999.0
2020-04-15,6642.10986328125,32288311031,2783.360107421875,16999.0
2020-04-16,7116.80419921875,46783242377,2799.550048828125,16999.0
2020-04-17,7096.1845703125,32513423567,2874.56005859375,16999.0
2020-04-20,6881.95849609375,37747113936,2823.159912109375,16999.0
2020-04-21,6880.3232421875,32589741511,2736.56005859375,16999.0
2020-04-22,7117.20751953125,33249153866,2799.31005859375,16999.0
2020-04-23,7429.724609375,43500782316,2797.800048828125,16999.0
2020-04-24,7550.90087890625,34636526286,2836.739990234375,16999.0
2020-04-27,7795.60107421875,36162144725,2878.47998046875,16999.0
2020-04-28,7807.05859375,33187959921,2863.389892578125,16999.0
2020-04-29,8801.0380859375,60201052203,2939.510009765625,16999.0
2020-04-30,8658.5537109375,66964629541,2912.429931640625,16999.0
2020-05-01,8864.7666015625,44068389997,2830.7099609375,17868.4
2020-05-04,8912.654296875,45718796276,2842.739990234375,17868.4
2020-05-05,9003.0703125,43148462663,2868.43994140625,17868.4
2020-05-06,9268.76171875,49371886931,2848.419921875,17868.4
2020-05-07,9951.5185546875,61112700562,2881.18994140625,17868.4
2020-05-08,9842.666015625,51780748042,2929.800048828125,17868.4
2020-05-11,8601.7958984375,57119858802,2930.18994140625,17868.4
2020-05-12,8804.4775390625,42142717533,2870.1201171875,17868.4
2020-05-13,9269.9873046875,45558144023,2820.0,17868.4
2020-05-14,9733.7216796875,56426907637,2852.5,17868.4
2020-05-15,9328.197265625,48158802327,2863.699951171875,17868.4
2020-05-18,9726.5751953125,41827139896,2953.909912109375,17868.4
2020-05-19,9729.0380859375,39254288955,2922.93994140625,17868.4
2020-05-20,9522.9814453125,36546239703,2971.610107421875,17868.4
2020-05-21,9081.76171875,39326160532,2948.510009765625,17868.4
2020-05-22,9182.5771484375,29810773699,2955.449951171875,17868.4
2020-05-26,8835.052734375,29584186947,2991.77001953125,17868.4
2020-05-27,9181.017578125,32740536902,3036.1298828125,17868.4
2020-05-28,9525.7509765625,34367073114,3029.72998046875,17868.4
2020-05-29,9439.1240234375,32896642044,3044.31005859375,17868.4
2020-06-01,10167.2685546875,35198901068,3055.72998046875,18161.5
2020-06-02,9529.8037109375,39137252109,3080.820068359375,18161.5
2020-06-03,9656.7177734375,25007459262,3122.8701171875,18161.5
2020-06-04,9800.63671875,25921805072,3112.35009765625,18161.5
2020-06-05,9665.533203125,23509628646,3193.929931640625,18161.5
2020-06-08,9771.4892578125,21486346312,3232.389892578125,18161.5
2020-06-09,9795.7001953125,23717842783,3207.179931640625,18161.5
2020-06-10,9870.0947265625,25706567601,3190.139892578125,18161.5
2020-06-11,9321.78125,30247143440,3002.10009765625,18161.5
2020-06-12,9480.84375,22610564515,3041.31005859375,18161.5
2020-06-15,9450.7021484375,26699704768,3066.590087890625,18161.5
2020-06-16,9538.0244140625,21565537209,3124.739990234375,18161.5
2020-06-17,9480.2548828125,20177709879,3113.489990234375,18161.5
2020-06-18,9411.8408203125,17770083003,3115.340087890625,18161.5
2020-06-19,9288.0185546875,19632223107,3097.739990234375,18161.5
2020-06-22,9648.7177734375,21104009514,3117.860107421875,18161.5
2020-06-23,9629.658203125,17006433272,3131.2900390625,18161.5
2020-06-24,9313.6103515625,18961716076,3050.330078125,18161.5
2020-06-25,9264.8134765625,18616048626,3083.760009765625,18161.5
2020-06-26,9162.91796875,18341465837,3009.050048828125,18161.5
2020-06-29,9190.8544921875,16460547078,3053.239990234375,18161.5
2020-06-30,9137.9931640625,15735797744,3100.2900390625,18161.5
2020-07-01,9228.3251953125,15971550355,3115.860107421875,18311.4
2020-07-02,9123.41015625,16338916796,3130.010009765625,18311.4
2020-07-06,9375.474609375,17889263252,3179.719970703125,18311.4
2020-07-07,9252.27734375,13839652595,3145.320068359375,18311.4
2020-07-08,9428.3330078125,19702359883,3169.93994140625,18311.4
2020-07-09,9277.9677734375,18000702524,3152.050048828125,18311.4
2020-07-10,9278.8076171875,16860035605,3185.0400390625,18311.4
2020-07-13,9243.6142578125,17519821266,3155.219970703125,18311.4
2020-07-14,9243.2138671875,18085038362,3197.52001953125,18311.4
2020-07-15,9192.8369140625,15844731575,3226.56005859375,18311.4
2020-07-16,9132.2275390625,15713967523,3215.570068359375,18311.4
2020-07-17,9151.392578125,13944570749,3224.72998046875,18311.4
2020-07-20,9164.2314453125,13755604146,3251.840087890625,18311.4
2020-07-21,9374.8876953125,18069581956,3257.300048828125,18311.4
2020-07-22,9525.36328125,16532254884,3276.02001953125,18311.4
2020-07-23,9581.072265625,18146399002,3235.659912109375,18311.4
2020-07-24,9536.892578125,16552768325,3215.6298828125,18311.4
2020-07-27,10990.873046875,35359749590,3239.409912109375,18311.4
2020-07-28,10912.8232421875,28766551142,3218.43994140625,18311.4
2020-07-29,11100.4677734375,24617249715,3258.43994140625,18311.4
2020-07-30,11111.2138671875,22857247901,3246.219970703125,18311.4
2020-07-31,11323.466796875,23160469766,3271.1201171875,18311.4
2020-08-03,11246.3486328125,20271713443,3294.610107421875,18382.2
2020-08-04,11205.892578125,21250197042,3306.510009765625,18382.2
2020-08-05,11747.0224609375,24411254471,3327.77001953125,18382.2
2020-08-06,11779.7734375,23400740340,3349.159912109375,18382.2
2020-08-07,11601.47265625,23132312867,3351.280029296875,18382.2
2020-08-10,11878.111328125,26114112569,3360.469970703125,18382.2
2020-08-11,11410.525390625,27039782640,3333.68994140625,18382.2
2020-08-12,11584.9345703125,25064548486,3380.35009765625,18382.2
2020-08-13,11784.1376953125,27522199497,3373.429931640625,18382.2
2020-08-14,11768.87109375,24237958589,3372.85009765625,18382.2
2020-08-17,12254.40234375,28227687027,3381.989990234375,18382.2
2020-08-18,11991.2333984375,26043227672,3389.780029296875,18382.2
2020-08-19,11758.283203125,24502851117,3374.85009765625,18382.2
2020-08-20,11878.3720703125,20175242945,3385.510009765625,18382.2
2020-08-21,11592.4892578125,23762425999,3397.159912109375,18382.2
2020-08-24,11774.595703125,20681511755,3431.280029296875,18382.2
2020-08-25,11366.134765625,26301509932,3443.6201171875,18382.2
2020-08-26,11488.36328125,22466660958,3478.72998046875,18382.2
2020-08-27,11323.3974609375,23240415076,3484.550048828125,18382.2
2020-08-28,11542.5,19807127588,3508.010009765625,18382.2
2020-08-31,11680.8203125,22285928250,3500.31005859375,18382.2
2020-09-01,11970.478515625,27311555343,3526.64990234375,18606.8
2020-09-02,11414.0341796875,28037405299,3580.840087890625,18606.8
2020-09-03,10245.296875,31927261555,3455.06005859375,18606.8
2020-09-04,10511.8134765625,29965130374,3426.9599609375,18606.8
2020-09-08,10131.5166015625,33430927462,3331.840087890625,18606.8
2020-09-09,10242.34765625,24128292755,3398.9599609375,18606.8
2020-09-10,10363.138671875,54406443211,3339.18994140625,18606.8
2020-09-11,10400.9150390625,45201121775,3340.969970703125,18606.8
2020-09-14,10680.837890625,35453581940,3383.5400390625,18606.8
2020-09-15,10796.951171875,32509451925,3401.199951171875,18606.8
2020-09-16,10974.9052734375,30769986455,3385.489990234375,18606.8
2020-09-17,10948.990234375,38151810523,3357.010009765625,18606.8
2020-09-18,10944.5859375,26341903912,3319.469970703125,18606.8
2020-09-21,10462.259765625,28884999244,3281.06005859375,18606.8
2020-09-22,10538.4599609375,23621787804,3315.570068359375,18606.8
2020-09-23,10246.1865234375,23788661867,3236.919921875,18606.8
2020-09-24,10760.06640625,47144380902,3246.590087890625,18606.8
2020-09-25,10692.716796875,39348590957,3298.4599609375,18606.8
2020-09-28,10709.65234375,47762394731,3351.60009765625,18606.8
2020-09-29,10844.640625,46582396602,3335.469970703125,18606.8
2020-09-30,10784.4912109375,44171073700,3363.0,18606.8
2020-10-01,10619.4521484375,40023134100,3380.800048828125,18758.1
2020-10-02,10575.974609375,48661453918,3348.419921875,18758.1
2020-10-05,10793.33984375,47537578009,3408.60009765625,18758.1
2020-10-06,10604.40625,42623695307,3360.969970703125,18758.1
2020-10-07,10668.96875,37799458436,3419.43994140625,18758.1
2020-10-08,10915.685546875,63314794397,3446.830078125,18758.1
2020-10-09,11064.4580078125,22799117613,3477.139892578125,18758.1
2020-10-12,11555.36328125,26163972642,3534.219970703125,18758.1
2020-10-13,11425.8994140625,24241420251,3511.929931640625,18758.1
2020-10-14,11429.5068359375,24103426719,3488.669921875,18758.1
2020-10-15,11495.349609375,24487233058,3483.340087890625,18758.1
2020-10-16,11322.123046875,25635480772,3483.81005859375,18758.1
2020-10-19,11742.037109375,23860769928,3426.919921875,18758.1
2020-10-20,11916.3349609375,30915821592,3443.1201171875,18758.1
2020-10-21,12823.689453125,43414712626,3435.56005859375,18758.1
2020-10-22,12965.8916015625,34729759598,3453.489990234375,18758.1
2020-10-23,12931.5390625,28974975003,3465.389892578125,18758.1
2020-10-26,13075.248046875,29461458313,3400.969970703125,18758.1
2020-10-27,13654.21875,33749878156,3390.679931640625,18758.1
2020-10-28,13271.28515625,35867318895,3271.030029296875,18758.1
2020-10-29,13437.8828125,56499499598,3310.110107421875,18758.1
2020-10-30,13546.5224609375,30581485201,3269.9599609375,18758.1
2020-11-02,13550.4892578125,30771455468,3310.239990234375,18973.3
2020-11-03,13950.30078125,29869951617,3369.159912109375,18973.3
2020-11-04,14133.70703125,35116364962,3443.43994140625,18973.3
2020-11-05,15579.8486328125,40856321439,3510.449951171875,18973.3
2020-11-06,15565.880859375,39837841971,3509.43994140625,18973.3
2020-11-09,15332.3154296875,34149115566,3550.5,18973.3
2020-11-10,15290.90234375,25574938143,3545.530029296875,18973.3
2020-11-11,15701.33984375,29772374934,3572.659912109375,18973.3
2020-11-12,16276.34375,34175758344,3537.010009765625,18973.3
2020-11-13,16317.80859375,31599492172,3585.14990234375,18973.3
2020-11-16,16716.111328125,31526766675,3626.909912109375,18973.3
2020-11-17,17645.40625,39006849170,3609.530029296875,18973.3
2020-11-18,17804.005859375,49064800278,3567.7900390625,18973.3
2020-11-19,17817.08984375,36985055355,3581.8701171875,18973.3
2020-11-20,18621.314453125,36992873940,3557.5400390625,18973.3
2020-11-23,18364.12109375,42741112308,3577.590087890625,18973.3
2020-11-24,19107.46484375,51469565009,3635.409912109375,18973.3
2020-11-25,18732.12109375,43710357371,3629.64990234375,18973.3
2020-11-27,17108.40234375,38886494645,3638.35009765625,18973.3
2020-11-30,19625.8359375,47728480399,3621.6298828125,18973.3
2020-12-01,18802.998046875,49633658712,3662.449951171875,19110.3
2020-12-02,19201.091796875,37387697139,3669.010009765625,19110.3
2020-12-03,19445.3984375,31930317405,3666.719970703125,19110.3
2020-12-04,18699.765625,33872388058,3699.1201171875,19110.3
2020-12-07,19191.630859375,26896357742,3691.9599609375,19110.3
2020-12-08,18321.14453125,31692288756,3702.25,19110.3
2020-12-09,18553.916015625,34420373071,3672.820068359375,19110.3
2020-12-10,18264.9921875,25547132265,3668.10009765625,19110.3
2020-12-11,18058.904296875,27919640985,3663.4599609375,19110.3
2020-12-14,19246.64453125,22473997681,3647.489990234375,19110.3
2020-12-15,19417.076171875,26741982541,3694.6201171875,19110.3
2020-12-16,21310.59765625,44409011479,3701.169921875,19110.3
2020-12-17,22805.162109375,71378606374,3722.47998046875,19110.3
2020-12-18,23137.9609375,40387896275,3709.409912109375,19110.3
2020-12-21,22803.08203125,45852713981,3694.919921875,19110.3
2020-12-22,23783.029296875,44171632681,3687.260009765625,19110.3
2020-12-23,23241.345703125,51146161904,3690.010009765625,19110.3
2020-12-24,23735.94921875,41080759713,3703.06005859375,19110.3
2020-12-28,27084.80859375,49056742893,3735.360107421875,19110.3
2020-12-29,27362.4375,45265946774,3727.0400390625,19110.3
2020-12-30,28840.953125,51287442704,3732.0400390625,19110.3
2020-12-31,29001.720703125,46754964848,3756.070068359375,19110.3
2021-01-04,31971.9140625,81163475344,3700.64990234375,19335.0
2021-01-05,33992.4296875,67547324782,3726.860107421875,19335.0
2021-01-06,36824.36328125,75289433811,3748.139892578125,19335.0
2021-01-07,39371.04296875,84762141031,3803.7900390625,19335.0
2021-01-08,40797.609375,88107519480,3824.679931640625,19335.0
2021-01-11,35566.65625,123320567399,3799.610107421875,19335.0
2021-01-12,33922.9609375,74773277909,3801.18994140625,19335.0
2021-01-13,37316.359375,69364315979,3809.840087890625,19335.0
2021-01-14,39187.328125,63615990033,3795.5400390625,19335.0
2021-01-15,36825.3671875,67760757881,3768.25,19335.0
2021-01-19,36069.8046875,57244195486,3798.909912109375,19335.0
2021-01-20,35547.75,66834573161,3851.85009765625,19335.0
2021-01-21,30825.69921875,75643067688,3853.070068359375,19335.0
2021-01-22,33005.76171875,77207272511,3841.469970703125,19335.0
2021-01-25,32366.392578125,59897054838,3855.360107421875,19335.0
2021-01-26,32569.849609375,60255421470,3849.6201171875,19335.0
2021-01-27,30432.546875,62576762015,3750.77001953125,19335.0
2021-01-28,33466.09765625,76517157706,3787.3798828125,19335.0
2021-01-29,34316.38671875,117894572511,3714.239990234375,19335.0
2021-02-01,33537.17578125,61400400660,3773.860107421875,19571.2
2021-02-02,35510.2890625,63088585433,3826.31005859375,19571.2
2021-02-03,37472.08984375,61166818159,3830.169921875,19571.2
2021-02-04,36926.06640625,68838074392,3871.739990234375,19571.2
2021-02-05,38144.30859375,58598066402,3886.830078125,19571.2
2021-02-08,46196.46484375,101467222687,3915.590087890625,19571.2
2021-02-09,46481.10546875,91809846886,3911.22998046875,19571.2
2021-02-10,44918.18359375,87301089896,3909.8798828125,19571.2
2021-02-11,47909.33203125,81388911810,3916.3798828125,19571.2
2021-02-12,47504.8515625,76555041196,3934.830078125,19571.2
2021-02-16,49199.87109375,77049582886,3932.590087890625,19571.2
2021-02-17,52149.0078125,80820545404,3931.330078125,19571.2
2021-02-18,51679.796875,52054723579,3913.969970703125,19571.2
2021-02-19,55888.1328125,63495496918,3906.7099609375,19571.2
2021-02-22,54207.3203125,92052420332,3876.5,19571.2
2021-02-23,48824.42578125,106102492824,3881.3701171875,19571.2
2021-02-24,49705.33203125,63695521388,3925.429931640625,19571.2
2021-02-25,47093.8515625,54506565949,3829.340087890625,19571.2
2021-02-26,46339.76171875,350967941479,3811.14990234375,19571.2
2021-03-01,49631.2421875,53891300112,3901.820068359375,19810.0
2021-03-02,48378.98828125,47530897720,3870.2900390625,19810.0
2021-03-03,50538.2421875,53220811975,3819.719970703125,19810.0
2021-03-04,48561.16796875,52343816680,3768.469970703125,19810.0
2021-03-05,48927.3046875,48625928883,3841.93994140625,19810.0
2021-03-08,52246.5234375,48597428048,3821.35009765625,19810.0
2021-03-09,54824.1171875,50912227385,3875.43994140625,19810.0
2021-03-10,56008.55078125,57295577614,3898.81005859375,19810.0
2021-03-11,57805.12109375,56772343595,3939.340087890625,19810.0
2021-03-12,57332.08984375,55689944702,3943.340087890625,19810.0
2021-03-15,55907.19921875,66419369890,3968.93994140625,19810.0
2021-03-16,56804.90234375,59749798599,3962.7099609375,19810.0
2021-03-17,58870.89453125,60258313191,3974.1201171875,19810.0
2021-03-18,57858.921875,55746041000,3915.4599609375,19810.0
2021-03-19,58346.65234375,49063873786,3913.10009765625,19810.0
2021-03-22,54529.14453125,56521454974,3940.590087890625,19810.0
2021-03-23,54738.9453125,56435023914,3910.52001953125,19810.0
2021-03-24,52774.265625,70567223787,3889.139892578125,19810.0
2021-03-25,51704.16015625,67999812841,3909.52001953125,19810.0
2021-03-26,55137.3125,56652197978,3974.5400390625,19810.0
2021-03-29,57750.19921875,57625587027,3971.090087890625,19810.0
2021-03-30,58917.69140625,54414116432,3958.550048828125,19810.0
2021-03-31,58918.83203125,65520826225,3972.889892578125,19810.0
2021-04-01,59095.80859375,61669163792,4019.8701171875,20133.3
2021-04-05,59057.87890625,60706272115,4077.909912109375,20133.3
2021-04-06,58192.359375,66058027988,4073.93994140625,20133.3
2021-04-07,56048.9375,75645303584,4079.949951171875,20133.3
2021-04-08,58323.953125,53053855641,4097.169921875,20133.3
2021-04-09,58245.00390625,46655208546,4128.7998046875,20133.3
2021-04-12,59893.453125,51828688519,4127.990234375,20133.3
2021-04-13,63503.45703125,69983454362,4141.58984375,20133.3
2021-04-14,63109.6953125,77451779687,4124.66015625,20133.3
2021-04-15,63314.01171875,60954381579,4170.419921875,20133.3
2021-04-16,61572.7890625,84293007468,4185.47021484375,20133.3
2021-04-19,55724.265625,65344865159,4163.259765625,20133.3
2021-04-20,56473.03125,67849323955,4134.93994140625,20133.3
2021-04-21,53906.08984375,54926612466,4173.419921875,20133.3
2021-04-22,51762.2734375,74798630778,4134.97998046875,20133.3
2021-04-23,51093.65234375,86668667320,4180.169921875,20133.3
2021-04-26,54021.75390625,58284039825,4187.6201171875,20133.3
2021-04-27,55033.1171875,49448222757,4186.72021484375,20133.3
2021-04-28,54824.703125,48000572955,4183.18017578125,20133.3
2021-04-29,53555.109375,46088929780,4211.47021484375,20133.3
2021-04-30,57750.17578125,52395931985,4181.169921875,20133.3
2021-05-03,57200.29296875,51713139031,4192.66015625,20437.8
2021-05-04,53333.5390625,68564706967,4164.66015625,20437.8
2021-05-05,57424.0078125,69241316747,4167.58984375,20437.8
2021-05-06,56396.515625,69523285106,4201.6201171875,20437.8
2021-05-07,57356.40234375,68434023376,4232.60009765625,20437.8
2021-05-10,55859.796875,71776546298,4188.43017578125,20437.8
2021-05-11,56704.57421875,61308396325,4152.10009765625,20437.8
2021-05-12,49150.53515625,75215403907,4063.0400390625,20437.8
2021-05-13,49716.19140625,96721152926,4112.5,20437.8
2021-05-14,49880.53515625,55737497453,4173.85009765625,20437.8
2021-05-17,43537.51171875,74903638450,4163.2900390625,20437.8
2021-05-18,42909.40234375,56187365084,4127.830078125,20437.8
2021-05-19,37002.44140625,126358098747,4115.68017578125,20437.8
2021-05-20,40782.73828125,88281943359,4159.1201171875,20437.8
2021-05-21,37304.69140625,82051616861,4155.85986328125,20437.8
2021-05-24,38705.98046875,67359584098,4197.0498046875,20437.8
2021-05-25,38402.22265625,56211915803,4188.1298828125,20437.8
2021-05-26,39294.19921875,51346735160,4195.990234375,20437.8
2021-05-27,38436.96875,43210968721,4200.8798828125,20437.8
2021-05-28,35697.60546875,55200191952,4204.10986328125,20437.8
2021-06-01,36684.92578125,34639423297,4202.0400390625,20482.0
2021-06-02,37575.1796875,33070867190,4208.1201171875,20482.0
2021-06-03,39208.765625,35460750427,4192.85009765625,20482.0
2021-06-04,36894.40625,41831090187,4229.89013671875,20482.0
2021-06-07,33560.70703125,33683936663,4226.52001953125,20482.0
2021-06-08,33472.6328125,49902050442,4227.259765625,20482.0
2021-06-09,37345.12109375,53972919008,4219.5498046875,20482.0
2021-06-10,36702.59765625,43576032854,4239.18017578125,20482.0
2021-06-11,37334.3984375,38699736985,4247.43994140625,20482.0
2021-06-14,40218.4765625,43148914673,4255.14990234375,20482.0
2021-06-15,40406.26953125,46420149185,4246.58984375,20482.0
2021-06-16,38347.0625,39211635100,4223.7001953125,20482.0
2021-06-17,38053.50390625,37096670047,4221.85986328125,20482.0
2021-06-18,35787.24609375,36200887275,4166.4501953125,20482.0
2021-06-21,31676.693359375,52809038594,4224.7900390625,20482.0
2021-06-22,32505.66015625,58964353058,4246.43994140625,20482.0
2021-06-23,33723.02734375,46317108925,4241.83984375,20482.0
2021-06-24,34662.4375,33123368116,4266.490234375,20482.0
2021-06-25,31637.779296875,40230904226,4280.7001953125,20482.0
2021-06-28,34434.3359375,33892523752,4290.60986328125,20482.0
2021-06-29,35867.77734375,37901460044,4291.7998046875,20482.0
2021-06-30,35040.8359375,34059036099,4297.5,20482.0
2021-07-01,33572.1171875,37838957079,4319.93994140625,20633.7
2021-07-02,33897.046875,38728974942,4352.33984375,20633.7
2021-07-06,34235.1953125,26501259870,4343.5400390625,20633.7
2021-07-07,33855.328125,24796027477,4358.1298828125,20633.7
2021-07-08,32877.37109375,29910396946,4320.81982421875,20633.7
2021-07-09,33798.01171875,27436021028,4369.5498046875,20633.7
2021-07-12,33155.84765625,24321499537,4384.6298828125,20633.7
2021-07-13,32702.025390625,19120856669,4369.2099609375,20633.7
2021-07-14,32822.34765625,21376531210,4374.2998046875,20633.7
2021-07-15,31780.73046875,21300524237,4360.02978515625,20633.7
2021-07-16,31421.5390625,23699476918,4327.16015625,20633.7
2021-07-19,30817.83203125,20434789545,4258.490234375,20633.7
2021-07-20,29807.34765625,23148267245,4323.06005859375,20633.7
2021-07-21,32110.693359375,28203024559,4358.68994140625,20633.7
2021-07-22,32313.10546875,19555230518,4367.47998046875,20633.7
2021-07-23,33581.55078125,22552046192,4411.7900390625,20633.7
2021-07-26,37337.53515625,51022126212,4422.2998046875,20633.7
2021-07-27,39406.94140625,35097370560,4401.4599609375,20633.7
2021-07-28,39995.90625,38702404695,4400.64013671875,20633.7
2021-07-29,40008.421875,27167146027,4419.14990234375,20633.7
2021-07-30,42235.546875,33072782960,4395.259765625,20633.7
2021-08-02,39201.9453125,25595265436,4387.16015625,20844.5
2021-08-03,38152.98046875,26189830450,4423.14990234375,20844.5
2021-08-04,39747.50390625,25372562724,4402.66015625,20844.5
2021-08-05,40869.5546875,35185031017,4429.10009765625,20844.5
2021-08-06,42816.5,38226483046,4436.52001953125,20844.5
2021-08-09,46365.40234375,38734079049,4432.35009765625,20844.5
2021-08-10,45585.03125,33546019517,4436.75,20844.5
2021-08-11,45593.63671875,34319709073,4442.41015625,20844.5
2021-08-12,44428.2890625,33723620826,4460.830078125,20844.5
2021-08-13,47793.3203125,31744259539,4468.0,20844.5
2021-08-16,46004.484375,32776876610,4479.7099609375,20844.5
2021-08-17,44695.359375,33451362600,4448.080078125,20844.5
2021-08-18,44801.1875,32194123075,4400.27001953125,20844.5
2021-08-19,46717.578125,37204312299,4405.7998046875,20844.5
2021-08-20,49339.17578125,34706867452,4441.669921875,20844.5
2021-08-23,49546.1484375,34305053719,4479.52978515625,20844.5
2021-08-24,47706.1171875,35361168834,4486.22998046875,20844.5
2021-08-25,48960.7890625,32646349931,4496.18994140625,20844.5
2021-08-26,46942.21875,32666549568,4470.0,20844.5
2021-08-27,49058.66796875,34511076995,4509.3701171875,20844.5
2021-08-30,47054.984375,31847007016,4528.7900390625,20844.5
2021-08-31,47166.6875,34730363427,4522.68017578125,20844.5
2021-09-01,48847.02734375,39139399125,4524.08984375,20974.0
2021-09-02,49327.72265625,39508070319,4536.9501953125,20974.0
2021-09-03,50025.375,43206179619,4535.43017578125,20974.0
2021-09-07,46811.12890625,65210059683,4520.02978515625,20974.0
2021-09-08,46091.390625,49007762488,4514.06982421875,20974.0
2021-09-09,46391.421875,38672657013,4493.27978515625,20974.0
2021-09-10,44883.91015625,39154666597,4458.580078125,20974.0
2021-09-13,44963.07421875,40969943253,4468.72998046875,20974.0
2021-09-14,47092.4921875,38652152880,4443.0498046875,20974.0
2021-09-15,48176.34765625,30484496466,4480.7001953125,20974.0
2021-09-16,47783.359375,31764293754,4473.75,20974.0
2021-09-17,47267.51953125,28727713711,4432.990234375,20974.0
2021-09-20,42843.80078125,43909845642,4357.72998046875,20974.0
2021-09-21,40693.67578125,48701090088,4354.18994140625,20974.0
2021-09-22,43574.5078125,38139709246,4395.64013671875,20974.0
2021-09-23,44895.09765625,34244064430,4448.97998046875,20974.0
2021-09-24,42839.75,42839345714,4455.47998046875,20974.0
2021-09-27,42235.73046875,30980029059,4443.10986328125,20974.0
2021-09-28,41034.54296875,30214940550,4352.6298828125,20974.0
2021-09-29,41564.36328125,30602359905,4359.4599609375,20974.0
2021-09-30,43790.89453125,31141681925,4307.5400390625,20974.0
2021-10-01,48116.94140625,42850641582,4357.0400390625,21153.9
2021-10-04,49112.90234375,33383173002,4300.4599609375,21153.9
2021-10-05,51514.8125,35873904236,4345.72021484375,21153.9
2021-10-06,55361.44921875,49034730168,4363.5498046875,21153.9
2021-10-07,53805.984375,36807860413,4399.759765625,21153.9
2021-10-08,53967.84765625,34800873924,4391.33984375,21153.9
2021-10-11,57484.7890625,42637331698,4361.18994140625,21153.9
2021-10-12,56041.05859375,41083758949,4350.64990234375,21153.9
2021-10-13,57401.09765625,41684252783,4363.7998046875,21153.9
2021-10-14,57321.5234375,36615791366,4438.259765625,21153.9
2021-10-15,61593.94921875,51780081801,4471.3701171875,21153.9
2021-10-18,62026.078125,38055562075,4486.4599609375,21153.9
2021-10-19,64261.9921875,40471196346,4519.6298828125,21153.9
2021-10-20,65992.8359375,40788955582,4536.18994140625,21153.9
2021-10-21,62210.171875,45908121370,4549.77978515625,21153.9
2021-10-22,60692.265625,38434082775,4544.89990234375,21153.9
2021-10-25,63039.82421875,31064911614,4566.47998046875,21153.9
2021-10-26,60363.79296875,34878965587,4574.7900390625,21153.9
2021-10-27,58482.38671875,43657076893,4551.68017578125,21153.9
2021-10-28,60622.13671875,45257083247,4596.419921875,21153.9
2021-10-29,62227.96484375,36856881767,4605.3798828125,21153.9
2021-11-01,61004.40625,36150572843,4613.669921875,21327.7
2021-11-02,63226.40234375,37746665647,4630.64990234375,21327.7
2021-11-03,62970.046875,36124731509,4660.56982421875,21327.7
2021-11-04,61452.23046875,32615846901,4680.06005859375,21327.7
2021-11-05,61125.67578125,30605102446,4697.52978515625,21327.7
2021-11-08,67566.828125,41125608330,4701.7001953125,21327.7
2021-11-09,66971.828125,42357991721,4685.25,21327.7
2021-11-10,64995.23046875,48730828378,4646.7099609375,21327.7
2021-11-11,64949.9609375,35880633236,4649.27001953125,21327.7
2021-11-12,64155.94140625,36084893887,4682.85009765625,21327.7
2021-11-15,63557.87109375,30558763548,4682.7998046875,21327.7
2021-11-16,60161.24609375,46844335592,4700.89990234375,21327.7
2021-11-17,60368.01171875,39178392930,4688.669921875,21327.7
2021-11-18,56942.13671875,41388338699,4704.5400390625,21327.7
2021-11-19,58119.578125,38702407772,4697.9599609375,21327.7
2021-11-22,56289.2890625,35036121783,4682.93994140625,21327.7
2021-11-23,57569.07421875,37485803899,4690.7001953125,21327.7
2021-11-24,56280.42578125,36635566789,4701.4599609375,21327.7
2021-11-26,53569.765625,41810748221,4594.6201171875,21327.7
2021-11-29,57806.56640625,32370840356,4655.27001953125,21327.7
2021-11-30,57005.42578125,36708594618,4567.0,21327.7
2021-12-01,57229.828125,36858195307,4513.0400390625,21508.0
2021-12-02,56477.81640625,32379968686,4577.10009765625,21508.0
2021-12-03,53598.24609375,39789134215,4538.43017578125,21508.0
2021-12-06,50582.625,37707308001,4591.669921875,21508.0
2021-12-07,50700.0859375,33676814852,4686.75,21508.0
2021-12-08,50504.796875,28479699446,4701.2099609375,21508.0
2021-12-09,47672.12109375,29603577251,4667.4501953125,21508.0
2021-12-10,47243.3046875,30966005122,4712.02001953125,21508.0
2021-12-13,46737.48046875,32166727776,4668.97021484375,21508.0
2021-12-14,46612.6328125,34638619079,4634.08984375,21508.0
2021-12-15,48896.72265625,36541828520,4709.85009765625,21508.0
2021-12-16,47665.42578125,27268150947,4668.669921875,21508.0
2021-12-17,46202.14453125,32902725329,4620.64013671875,21508.0
2021-12-20,46880.27734375,30961902129,4568.02001953125,21508.0
2021-12-21,48936.61328125,27055803928,4649.22998046875,21508.0
2021-12-22,48628.51171875,24447979559,4696.56005859375,21508.0
2021-12-23,50784.5390625,28223878108,4725.7900390625,21508.0
2021-12-27,50640.41796875,24324345758,4791.18994140625,21508.0
2021-12-28,47588.85546875,33430376883,4786.35009765625,21508.0
2021-12-29,46444.7109375,30049226299,4793.06005859375,21508.0
2021-12-30,47178.125,26686491018,4778.72998046875,21508.0
2021-12-31,46306.4453125,36974172400,4766.18017578125,21508.0
2022-01-03,46458.1171875,33071628362,4796.56005859375,21566.6
2022-01-04,45897.57421875,42494677905,4793.5400390625,21566.6
2022-01-05,43569.00390625,36851084859,4700.580078125,21566.6
2022-01-06,43160.9296875,30208048289,4696.0498046875,21566.6
2022-01-07,41557.90234375,84196607520,4677.02978515625,21566.6
2022-01-10,41821.26171875,32104232331,4670.2900390625,21566.6
2022-01-11,42735.85546875,26327648900,4713.06982421875,21566.6
2022-01-12,43949.1015625,33499938689,4726.35009765625,21566.6
2022-01-13,42591.5703125,47691135082,4659.02978515625,21566.6
2022-01-14,43099.69921875,23577403399,4662.85009765625,21566.6
2022-01-18,42375.6328125,22417209227,4577.10986328125,21566.6
2022-01-19,41744.328125,23091543258,4532.759765625,21566.6
2022-01-20,40680.41796875,20382033940,4482.72998046875,21566.6
2022-01-21,36457.31640625,43011992031,4397.93994140625,21566.6
2022-01-24,36654.328125,41856658597,4410.1298828125,21566.6
2022-01-25,36954.00390625,26428189594,4356.4501953125,21566.6
2022-01-26,36852.12109375,31324598034,4349.93017578125,21566.6
2022-01-27,37138.234375,25041426629,4326.509765625,21566.6
2022-01-28,37784.33203125,22238830523,4431.85009765625,21566.6
2022-01-31,38483.125,20734730465,4515.5498046875,21566.6
2022-02-01,38743.2734375,20288500328,4546.5400390625,21621.3
2022-02-02,36952.984375,19155189416,4589.3798828125,21621.3
2022-02-03,37154.6015625,18591534769,4477.43994140625,21621.3
2022-02-04,41500.875,29412210792,4500.52978515625,21621.3
2022-02-07,43840.28515625,28641855926,4483.8701171875,21621.3
2022-02-08,44118.4453125,33079398868,4521.5400390625,21621.3
2022-02-09,44338.796875,23245887300,4587.18017578125,21621.3
2022-02-10,43565.11328125,32142048537,4504.080078125,21621.3
2022-02-11,42407.9375,26954925781,4418.64013671875,21621.3
2022-02-14,42586.91796875,20827783012,4401.669921875,21621.3
2022-02-15,44575.203125,22721659051,4471.06982421875,21621.3
2022-02-16,43961.859375,19792547657,4475.009765625,21621.3
2022-02-17,40538.01171875,26246662813,4380.259765625,21621.3
2022-02-18,40030.9765625,23310007704,4348.8701171875,21621.3
2022-02-22,38286.02734375,25493150450,4304.759765625,21621.3
2022-02-23,37296.5703125,21849073843,4225.5,21621.3
2022-02-24,38332.609375,46383802093,4288.7001953125,21621.3
2022-02-25,39214.21875,26545599159,4384.64990234375,21621.3
2022-02-28,43193.234375,35690014104,4373.93994140625,21621.3
2022-03-01,44354.63671875,32479047645,4306.259765625,21723.5
2022-03-02,43924.1171875,29183112630,4386.5400390625,21723.5
2022-03-03,42451.7890625,24967782593,4363.490234375,21723.5
2022-03-04,39137.60546875,28516271427,4328.8701171875,21723.5
2022-03-07,38062.0390625,28546143503,4201.08984375,21723.5
2022-03-08,38737.26953125,25776583476,4170.7001953125,21723.5
2022-03-09,41982.92578125,32284121034,4277.8798828125,21723.5
2022-03-10,39437.4609375,31078064711,4259.52001953125,21723.5
2022-03-11,38794.97265625,26364890465,4204.31005859375,21723.5
2022-03-14,39666.75390625,24322159070,4173.10986328125,21723.5
2022-03-15,39338.78515625,23934000868,4262.4501953125,21723.5
2022-03-16,41143.9296875,39616916192,4357.85986328125,21723.5
2022-03-17,40951.37890625,22009601093,4411.669921875,21723.5
2022-03-18,41801.15625,34421564942,4463.1201171875,21723.5
2022-03-21,41077.99609375,24615543271,4461.18017578125,21723.5
2022-03-22,42358.80859375,32004652376,4511.60986328125,21723.5
2022-03-23,42892.95703125,25242943069,4456.240234375,21723.5
2022-03-24,43960.93359375,31042992291,4520.16015625,21723.5
2022-03-25,44348.73046875,30574413034,4543.06005859375,21723.5
2022-03-28,47128.00390625,36362175703,4575.52001953125,21723.5
2022-03-29,47465.73046875,31397059069,4631.60009765625,21723.5
2022-03-30,47062.6640625,29333883962,4602.4501953125,21723.5
2022-03-31,45538.67578125,33327427106,4530.41015625,21723.5
2022-04-01,46281.64453125,38162644287,4545.85986328125,21724.3
2022-04-04,46622.67578125,32499785455,4582.64013671875,21724.3
2022-04-05,45555.9921875,29640604055,4525.1201171875,21724.3
2022-04-06,43206.73828125,39393395788,4481.14990234375,21724.3
2022-04-07,43503.84765625,26101973106,4500.2099609375,21724.3
2022-04-08,42287.6640625,27215995394,4488.27978515625,21724.3
2022-04-11,39521.90234375,33949912166,4412.52978515625,21724.3
2022-04-12,40127.18359375,30991500854,4397.4501953125,21724.3
2022-04-13,41166.73046875,27691105228,4446.58984375,21724.3
2022-04-14,39935.515625,24342001973,4392.58984375,21724.3
2022-04-18,40826.21484375,33705182072,4391.68994140625,21724.3
2022-04-19,41502.75,25303206547,4462.2099609375,21724.3
2022-04-20,41374.37890625,27819532341,4459.4501953125,21724.3
2022-04-21,40527.36328125,35372786395,4393.66015625,21724.3
2022-04-22,39740.3203125,28011716745,4271.77978515625,21724.3
2022-04-25,40458.30859375,35445730570,4296.1201171875,21724.3
2022-04-26,38117.4609375,34569088416,4175.2001953125,21724.3
2022-04-27,39241.12109375,30981015184,4183.9599609375,21724.3
2022-04-28,39773.828125,33903704907,4287.5,21724.3
2022-04-29,38609.82421875,30882994649,4131.93017578125,21724.3
2022-05-02,38529.328125,32922642426,4155.3798828125,21698.0
2022-05-03,37750.453125,27326943244,4175.47998046875,21698.0
2022-05-04,39698.37109375,36754404490,4300.169921875,21698.0
2022-05-05,36575.140625,43106256317,4146.8701171875,21698.0
2022-05-06,36040.921875,37795577489,4123.33984375,21698.0
2022-05-09,30296.953125,63355494961,3991.239990234375,21698.0
2022-05-10,31022.90625,59811038817,4001.050048828125,21698.0
2022-05-11,28936.35546875,70388855818,3935.179931640625,21698.0
2022-05-12,29047.751953125,66989173272,3930.080078125,21698.0
2022-05-13,29283.103515625,42841124537,4023.889892578125,21698.0
2022-05-16,29862.91796875,32613897286,4008.010009765625,21698.0
2022-05-17,30425.857421875,29101473475,4088.85009765625,21698.0
2022-05-18,28720.271484375,31285268319,3923.679931640625,21698.0
2022-05-19,30314.333984375,33773447707,3900.7900390625,21698.0
2022-05-20,29200.740234375,30749382605,3901.360107421875,21698.0
2022-05-23,29098.91015625,31483454557,3973.75,21698.0
2022-05-24,29655.5859375,26616506245,3941.47998046875,21698.0
2022-05-25,29562.361328125,27525063551,3978.72998046875,21698.0
2022-05-26,29267.224609375,36774325352,4057.840087890625,21698.0
2022-05-27,28627.57421875,36582005748,4158.240234375,21698.0
2022-05-31,31792.310546875,33538210634,4132.14990234375,21698.0
2022-06-01,29799.080078125,41135817341,4101.22998046875,21653.6
2022-06-02,30467.48828125,29083562061,4176.81982421875,21653.6
2022-06-03,29704.390625,26175547452,4108.5400390625,21653.6
2022-06-06,31370.671875,31947336829,4121.43017578125,21653.6
2022-06-07,31155.478515625,40770974039,4160.68017578125,21653.6
2022-06-08,30214.35546875,30242059107,4115.77001953125,21653.6
2022-06-09,30111.998046875,21692004719,4017.820068359375,21653.6
2022-06-10,29083.8046875,29867476527,3900.860107421875,21653.6
2022-06-13,22487.388671875,68204556440,3749.6298828125,21653.6
2022-06-14,22206.79296875,50913575242,3735.47998046875,21653.6
2022-06-15,22572.83984375,54912007015,3789.989990234375,21653.6
2022-06-16,20381.650390625,31183975654,3666.77001953125,21653.6
2022-06-17,20471.482421875,27132421514,3674.840087890625,21653.6
2022-06-21,20710.59765625,28970212744,3764.7900390625,21653.6
2022-06-22,19987.029296875,28574793478,3759.889892578125,21653.6
2022-06-23,21085.876953125,26188097173,3795.72998046875,21653.6
2022-06-24,21231.65625,24957784918,3911.739990234375,21653.6
2022-06-27,20735.478515625,20965695707,3900.110107421875,21653.6
2022-06-28,20280.634765625,21381535161,3821.550048828125,21653.6
2022-06-29,20104.0234375,23552740328,3818.830078125,21653.6
2022-06-30,19784.7265625,26267239923,3785.3798828125,21653.6
2022-07-01,19269.3671875,30767551159,3825.330078125,21645.8
2022-07-05,20190.115234375,26715546990,3831.389892578125,21645.8
2022-07-06,20548.24609375,24598943708,3845.080078125,21645.8
2022-07-07,21637.587890625,25814972520,3902.6201171875,21645.8
2022-07-08,21731.1171875,49899834488,3899.3798828125,21645.8
2022-07-11,19970.556640625,24150249025,3854.429931640625,21645.8
2022-07-12,19323.9140625,25810220018,3818.800048828125,21645.8
2022-07-13,20212.07421875,33042430345,3801.780029296875,21645.8
2022-07-14,20569.919921875,31158743333,3790.3798828125,21645.8
2022-07-15,20836.328125,25905575359,3863.159912109375,21645.8
2022-07-18,22485.689453125,39974475562,3830.85009765625,21645.8
2022-07-19,23389.43359375,48765202697,3936.68994140625,21645.8
2022-07-20,23231.732421875,42932549127,3959.89990234375,21645.8
2022-07-21,23164.62890625,33631012204,3998.949951171875,21645.8
2022-07-22,22714.978515625,31421555646,3961.6298828125,21645.8
2022-07-25,21361.701171875,35574561406,3966.840087890625,21645.8
2022-07-26,21239.75390625,28624673855,3921.050048828125,21645.8
2022-07-27,22930.548828125,31758955233,4023.610107421875,21645.8
2022-07-28,23843.88671875,40212386158,4072.429931640625,21645.8
2022-07-29,23804.6328125,35887249746,4130.2900390625,21645.8
2022-08-01,23314.19921875,25849159141,4118.6298828125,21627.9
2022-08-02,22978.1171875,28389250717,4091.18994140625,21627.9
2022-08-03,22846.5078125,26288169966,4155.169921875,21627.9
2022-08-04,22630.95703125,25120229769,4151.93994140625,21627.9
2022-08-05,23289.314453125,28881249043,4145.18994140625,21627.9
2022-08-08,23809.486328125,28575544847,4140.06005859375,21627.9
2022-08-09,23164.318359375,23555719219,4122.47021484375,21627.9
2022-08-10,23947.642578125,32837431722,4210.240234375,21627.9
2022-08-11,23957.529296875,37127036580,4207.27001953125,21627.9
2022-08-12,24402.818359375,27265804688,4280.14990234375,21627.9
2022-08-15,24136.97265625,35123501685,4297.14013671875,21627.9
2022-08-16,23883.291015625,27753685646,4305.2001953125,21627.9
2022-08-17,23335.998046875,30931623076,4274.0400390625,21627.9
2022-08-18,23212.73828125,23747613147,4283.740234375,21627.9
2022-08-19,20877.552734375,40509610260,4228.47998046875,21627.9
2022-08-22,21398.908203125,31666498758,4137.990234375,21627.9
2022-08-23,21528.087890625,31878280659,4128.72998046875,21627.9
2022-08-24,21395.01953125,31962253368,4140.77001953125,21627.9
2022-08-25,21600.904296875,31028679593,4199.1201171875,21627.9
2022-08-26,20260.01953125,42326789564,4057.659912109375,21627.9
2022-08-29,20297.994140625,32637854078,4030.610107421875,21627.9
2022-08-30,19796.80859375,34483360283,3986.159912109375,21627.9
2022-08-31,20049.763671875,33225232872,3955.0,21627.9
2022-09-01,20127.140625,30182031010,3966.85009765625,21509.0
2022-09-02,19969.771484375,29123998928,3924.260009765625,21509.0
2022-09-06,18837.66796875,43403978910,3908.18994140625,21509.0
2022-09-07,19290.32421875,35239757134,3979.8701171875,21509.0
2022-09-08,19329.833984375,32194477850,4006.179931640625,21509.0
2022-09-09,21381.15234375,48469528171,4067.360107421875,21509.0
2022-09-12,22370.44921875,50212088965,4110.41015625,21509.0
2022-09-13,20296.70703125,51091116622,3932.68994140625,21509.0
2022-09-14,20241.08984375,37872380889,3946.010009765625,21509.0
2022-09-15,19701.2109375,36389011503,3901.35009765625,21509.0
2022-09-16,19772.583984375,30123362273,3873.330078125,21509.0
2022-09-19,19544.12890625,40177002624,3899.889892578125,21509.0
2022-09-20,18890.7890625,36791346508,3855.929931640625,21509.0
2022-09-21,18547.400390625,46363793975,3789.929931640625,21509.0
2022-09-22,19413.55078125,41135767926,3757.989990234375,21509.0
2022-09-23,19297.638671875,38896078052,3693.22998046875,21509.0
2022-09-26,19222.671875,44148798321,3655.0400390625,21509.0
2022-09-27,19110.546875,58571439619,3647.2900390625,21509.0
2022-09-28,19426.720703125,53071298734,3719.0400390625,21509.0
2022-09-29,19573.05078125,41037843771,3640.469970703125,21509.0
2022-09-30,19431.7890625,43975248085,3585.6201171875,21509.0
2022-10-03,19623.580078125,30484729489,3678.429931640625,21434.4
2022-10-04,20336.84375,35887278685,3790.929931640625,21434.4
2022-10-05,20160.716796875,33223790572,3783.280029296875,21434.4
2022-10-06,19955.443359375,34711412966,3744.52001953125,21434.4
2022-10-07,19546.849609375,29227315390,3639.659912109375,21434.4
2022-10-10,19141.484375,27425022774,3612.389892578125,21434.4
2022-10-11,19051.41796875,28711532910,3588.840087890625,21434.4
2022-10-12,19157.4453125,24950173846,3577.030029296875,21434.4
2022-10-13,19382.904296875,44219840004,3669.909912109375,21434.4
2022-10-14,19185.65625,38452356727,3583.070068359375,21434.4
2022-10-17,19550.7578125,27472552998,3677.949951171875,21434.4
2022-10-18,19334.416015625,30580012344,3719.97998046875,21434.4
2022-10-19,19139.53515625,22425387184,3695.159912109375,21434.4
2022-10-20,19053.740234375,24493974420,3665.780029296875,21434.4
2022-10-21,19172.46875,32459287866,3752.75,21434.4
2022-10-24,19345.572265625,30202235805,3797.340087890625,21434.4
2022-10-25,20095.857421875,47761524910,3859.110107421875,21434.4
2022-10-26,20770.44140625,58895950537,3830.60009765625,21434.4
2022-10-27,20285.8359375,49625110402,3807.300048828125,21434.4
2022-10-28,20595.3515625,43994715910,3901.06005859375,21434.4
2022-10-31,20495.7734375,45668466815,3871.97998046875,21434.4
2022-11-01,20485.2734375,39819303159,3856.10009765625,21368.1
2022-11-02,20159.50390625,55552169483,3759.68994140625,21368.1
2022-11-03,20209.98828125,43228750179,3719.889892578125,21368.1
2022-11-04,21147.23046875,64072727950,3770.550048828125,21368.1
2022-11-07,20602.81640625,53510852236,3806.800048828125,21368.1
2022-11-08,18541.271484375,118992465607,3828.110107421875,21368.1
2022-11-09,15880.7802734375,102905151606,3748.570068359375,21368.1
2022-11-10,17586.771484375,83202283721,3956.3701171875,21368.1
2022-11-11,17034.29296875,55871616488,3992.929931640625,21368.1
2022-11-14,16618.19921875,49630243054,3957.25,21368.1
2022-11-15,16884.61328125,36599436183,3991.72998046875,21368.1
2022-11-16,16669.439453125,33925512989,3958.7900390625,21368.1
2022-11-17,16687.517578125,27868914022,3946.56005859375,21368.1
2022-11-18,16697.77734375,26862218609,3965.340087890625,21368.1
2022-11-21,15787.2841796875,37429485518,3949.93994140625,21368.1
2022-11-22,16189.76953125,30726828760,4003.580078125,21368.1
2022-11-23,16610.70703125,32958875628,4027.260009765625,21368.1
2022-11-25,16521.841796875,18678255976,4026.1201171875,21368.1
2022-11-28,16217.322265625,27743025156,3963.93994140625,21368.1
2022-11-29,16444.982421875,23581685468,3957.6298828125,21368.1
2022-11-30,17168.56640625,29523576583,4080.110107421875,21368.1
2022-12-01,16967.1328125,22895392882,4076.570068359375,21273.9
2022-12-02,17088.66015625,19539705127,4071.699951171875,21273.9
2022-12-05,16974.826171875,22209086834,3998.840087890625,21273.9
2022-12-06,17089.50390625,19889922369,3941.260009765625,21273.9
2022-12-07,16848.126953125,19675404389,3933.919921875,21273.9
2022-12-08,17233.474609375,20496603770,3963.510009765625,21273.9
2022-12-09,17133.15234375,20328426366,3934.3798828125,21273.9
2022-12-12,17206.4375,19617581341,3990.56005859375,21273.9
2022-12-13,17781.318359375,26634741631,4019.64990234375,21273.9
2022-12-14,17815.650390625,25534481470,3995.320068359375,21273.9
2022-12-15,17364.865234375,20964448341,3895.75,21273.9
2022-12-16,16647.484375,24031608960,3852.360107421875,21273.9
2022-12-19,16439.6796875,17221074814,3817.659912109375,21273.9
2022-12-20,16906.3046875,22722096615,3821.6201171875,21273.9
2022-12-21,16817.53515625,14882945045,3878.43994140625,21273.9
2022-12-22,16830.341796875,16441573050,3822.389892578125,21273.9
2022-12-23,16796.953125,15329265213,3844.820068359375,21273.9
2022-12-27,16717.173828125,15748580239,3829.25,21273.9
2022-12-28,16552.572265625,17005713920,3783.219970703125,21273.9
2022-12-29,16642.341796875,14472237479,3849.280029296875,21273.9
2022-12-30,16602.5859375,15929162910,3839.5,21273.9
2023-01-03,16679.857421875,13903079207,3824.139892578125,21189.1
2023-01-04,16863.23828125,18421743322,3852.969970703125,21189.1
2023-01-05,16836.736328125,13692758566,3808.10009765625,21189.1
2023-01-06,16951.96875,14413662913,3895.080078125,21189.1
2023-01-09,17196.5546875,18624736866,3892.090087890625,21189.1
2023-01-10,17446.29296875,15808338949,3919.25,21189.1
2023-01-11,17934.896484375,18372283782,3969.610107421875,21189.1
2023-01-12,18869.587890625,34971338710,3983.169921875,21189.1
2023-01-13,19909.57421875,29225029694,3999.090087890625,21189.1
2023-01-17,21161.51953125,24999983362,3990.969970703125,21189.1
2023-01-18,20688.78125,30005625418,3928.860107421875,21189.1
2023-01-19,21086.79296875,21152848261,3898.85009765625,21189.1
2023-01-20,22676.552734375,28799154319,3972.610107421875,21189.1
2023-01-23,22934.431640625,26518700512,4019.81005859375,21189.1
2023-01-24,22636.46875,26405069715,4016.949951171875,21189.1
2023-01-25,23117.859375,30685366709,4016.219970703125,21189.1
2023-01-26,23032.77734375,26357839322,4060.429931640625,21189.1
2023-01-27,23078.728515625,25383335641,4070.56005859375,21189.1
2023-01-30,22840.138671875,27205595568,4017.77001953125,21189.1
2023-01-31,23139.283203125,22837828665,4076.60009765625,21189.1
2023-02-01,23723.76953125,26683255504,4119.2099609375,21120.1
2023-02-02,23471.87109375,32066936882,4179.759765625,21120.1
2023-02-03,23449.322265625,27083066007,4136.47998046875,21120.1
2023-02-06,22760.109375,23825006542,4111.080078125,21120.1
2023-02-07,23264.291015625,27187964471,4164.0,21120.1
2023-02-08,22939.3984375,25371367758,4117.85986328125,21120.1
2023-02-09,21819.0390625,32572572185,4081.5,21120.1
2023-02-10,21651.18359375,27078406594,4090.4599609375,21120.1
2023-02-13,21808.1015625,23918742607,4137.2900390625,21120.1
2023-02-14,22220.8046875,26792596581,4136.1298828125,21120.1
2023-02-15,24307.841796875,32483312909,4147.60009765625,21120.1
2023-02-16,23623.474609375,39316664596,4090.409912109375,21120.1
2023-02-17,24565.6015625,41358451255,4079.090087890625,21120.1
2023-02-21,24436.353515625,31252098714,3997.340087890625,21120.1
2023-02-22,24188.84375,30199996781,3991.050048828125,21120.1
2023-02-23,23947.4921875,30476264066,4012.320068359375,21120.1
2023-02-24,23198.126953125,26811744928,3970.0400390625,21120.1
2023-02-27,23522.87109375,22660763494,3982.239990234375,21120.1
2023-02-28,23147.353515625,20535363434,3970.14990234375,21120.1
2023-03-01,23646.55078125,24662841200,3951.389892578125,20874.8
2023-03-02,23475.466796875,20386398516,3981.35009765625,20874.8
2023-03-03,22362.6796875,26062404610,4045.639892578125,20874.8
2023-03-06,22429.7578125,17353192895,4048.419921875,20874.8
2023-03-07,22219.76953125,22765452204,3986.3701171875,20874.8
2023-03-08,21718.080078125,22536575684,3992.010009765625,20874.8
2023-03-09,20363.021484375,30364664171,3918.320068359375,20874.8
2023-03-10,20187.244140625,39578257695,3861.590087890625,20874.8
2023-03-13,24197.533203125,49466362688,3855.760009765625,20874.8
2023-03-14,24746.07421875,54622230164,3919.2900390625,20874.8
2023-03-15,24375.9609375,43655701450,3891.929931640625,20874.8
2023-03-16,25052.7890625,33866061747,3960.280029296875,20874.8
2023-03-17,27423.9296875,50730261335,3916.639892578125,20874.8
2023-03-20,27767.236328125,44774027664,3951.570068359375,20874.8
2023-03-21,28175.81640625,36102192830,4002.8701171875,20874.8
2023-03-22,27307.4375,33382021890,3936.969970703125,20874.8
2023-03-23,28333.97265625,24220433689,3948.719970703125,20874.8
2023-03-24,27493.28515625,25980310960,3970.989990234375,20874.8
2023-03-27,27139.888671875,18188895178,3977.530029296875,20874.8
2023-03-28,27268.130859375,17783600385,3971.27001953125,20874.8
2023-03-29,28348.44140625,20684945906,4027.81005859375,20874.8
2023-03-30,28033.5625,22435349951,4050.830078125,20874.8
2023-03-31,28478.484375,19001327598,4109.31005859375,20874.8
2023-04-03,27790.220703125,19556501327,4124.509765625,20718.2
2023-04-04,28168.08984375,15284538859,4100.60009765625,20718.2
2023-04-05,28177.984375,17052315986,4090.3798828125,20718.2
2023-04-06,28044.140625,13837809380,4105.02001953125,20718.2
2023-04-10,29652.98046875,19282400094,4109.10986328125,20718.2
2023-04-11,30235.05859375,20121259843,4108.93994140625,20718.2
2023-04-12,30139.052734375,18651929926,4091.949951171875,20718.2
2023-04-13,30399.06640625,17487721001,4146.22021484375,20718.2
2023-04-14,30485.69921875,22659995079,4137.64013671875,20718.2
2023-04-17,29445.044921875,17872186762,4151.31982421875,20718.2
2023-04-18,30397.552734375,19480529496,4154.8701171875,20718.2
2023-04-19,28822.6796875,24571565421,4154.52001953125,20718.2
2023-04-20,28245.98828125,21340360360,4129.7900390625,20718.2
2023-04-21,27276.91015625,20759504330,4133.52001953125,20718.2
2023-04-24,27525.33984375,17703288330,4137.0400390625,20718.2
2023-04-25,28307.59765625,17733373139,4071.6298828125,20718.2
2023-04-26,28422.701171875,31854242019,4055.989990234375,20718.2
2023-04-27,29473.787109375,27153445027,4135.35009765625,20718.2
2023-04-28,29340.26171875,17544464887,4169.47998046875,20718.2
2023-05-01,28091.568359375,18655599976,4167.8701171875,20812.5
2023-05-02,28680.537109375,16432924527,4119.580078125,20812.5
2023-05-03,29006.30859375,19122972518,4090.75,20812.5
2023-05-04,28847.7109375,15548678514,4061.219970703125,20812.5
2023-05-05,29534.384765625,17936566518,4136.25,20812.5
2023-05-08,27694.2734375,19122903752,4138.1201171875,20812.5
2023-05-09,27658.775390625,14128593256,4119.169921875,20812.5
2023-05-10,27621.755859375,20656025026,4137.64013671875,20812.5
2023-05-11,27000.7890625,16724343943,4130.6201171875,20812.5
2023-05-12,26804.990234375,19313599897,4124.080078125,20812.5
2023-05-15,27192.693359375,14413231792,4136.27978515625,20812.5
2023-05-16,27036.650390625,12732238816,4109.89990234375,20812.5
2023-05-17,27398.802734375,15140006925,4158.77001953125,20812.5
2023-05-18,26832.208984375,15222938600,4198.0498046875,20812.5
2023-05-19,26890.12890625,11258983301,4191.97998046875,20812.5
2023-05-22,26851.27734375,11056770492,4192.6298828125,20812.5
2023-05-23,27225.7265625,13697203143,4145.580078125,20812.5
2023-05-24,26334.818359375,16299104428,4115.240234375,20812.5
2023-05-25,26476.20703125,13851122697,4151.27978515625,20812.5
2023-05-26,26719.291015625,12711619225,4205.4501953125,20812.5
2023-05-30,27702.349609375,13251081851,4205.52001953125,20812.5
2023-05-31,27219.658203125,15656371534,4179.830078125,20812.5
2023-06-01,26819.97265625,14678970415,4221.02001953125,20797.6
2023-06-02,27249.58984375,14837415000,4282.3701171875,20797.6
2023-06-05,25760.09765625,21513292646,4273.7900390625,20797.6
2023-06-06,27238.783203125,21929670693,4283.85009765625,20797.6
2023-06-07,26345.998046875,19530045082,4267.52001953125,20797.6
2023-06-08,26508.216796875,11904824295,4293.93017578125,20797.6
2023-06-09,26480.375,11015551640,4298.85986328125,20797.6
2023-06-12,25902.5,11677889997,4338.93017578125,20797.6
2023-06-13,25918.728515625,14143474486,4369.009765625,20797.6
2023-06-14,25124.67578125,14265717766,4372.58984375,20797.6
2023-06-15,25576.39453125,15837384409,4425.83984375,20797.6
2023-06-16,26327.462890625,16324646965,4409.58984375,20797.6
2023-06-20,28327.48828125,22211859147,4388.7099609375,20797.6
2023-06-21,30027.296875,33346760979,4365.68994140625,20797.6
2023-06-22,29912.28125,20653160491,4381.89013671875,20797.6
2023-06-23,30695.46875,24115570085,4348.330078125,20797.6
2023-06-26,30271.130859375,16493186997,4328.81982421875,20797.6
2023-06-27,30688.1640625,16428827944,4378.41015625,20797.6
2023-06-28,30086.24609375,14571500779,4376.85986328125,20797.6
2023-06-29,30445.3515625,13180860821,4396.43994140625,20797.6
2023-06-30,30477.251953125,26387306197,4450.3798828125,20797.6
2023-07-03,31156.439453125,15271884873,4455.58984375,20773.4
2023-07-05,30514.166015625,12481622280,4446.81982421875,20773.4
2023-07-06,29909.337890625,21129219509,4411.58984375,20773.4
2023-07-07,30342.265625,13384770155,4398.9501953125,20773.4
2023-07-10,30414.470703125,14828209155,4409.52978515625,20773.4
2023-07-11,30620.951171875,12151839152,4439.259765625,20773.4
2023-07-12,30391.646484375,14805659717,4472.16015625,20773.4
2023-07-13,31476.048828125,23686079548,4510.0400390625,20773.4
2023-07-14,30334.068359375,20917902660,4505.419921875,20773.4
2023-07-17,30145.888671875,13240156074,4522.7900390625,20773.4
2023-07-18,29856.5625,13138897269,4554.97998046875,20773.4
2023-07-19,29913.923828125,12128602812,4565.72021484375,20773.4
2023-07-20,29792.015625,14655207121,4534.8701171875,20773.4
2023-07-21,29908.744140625,10972789818,4536.33984375,20773.4
2023-07-24,29176.916015625,15395817395,4554.64013671875,20773.4
2023-07-25,29227.390625,10266772793,4567.4599609375,20773.4
2023-07-26,29354.97265625,13497554655,4566.75,20773.4
2023-07-27,29210.689453125,10770779217,4537.41015625,20773.4
2023-07-28,29319.24609375,11218474952,4582.22998046875,20773.4
2023-07-31,29230.111328125,11656781982,4588.9599609375,20773.4
2023-08-01,29675.732421875,18272392391,4576.72998046875,20750.2
2023-08-02,29151.958984375,19212655598,4513.39013671875,20750.2
2023-08-03,29178.6796875,12780357746,4501.89013671875,20750.2
2023-08-04,29074.091796875,12036639988,4478.02978515625,20750.2
2023-08-07,29180.578125,13618163710,4518.43994140625,20750.2
2023-08-08,29765.4921875,17570561357,4499.3798828125,20750.2
2023-08-09,29561.494140625,18379521213,4467.7099609375,20750.2
2023-08-10,29429.591796875,11865344789,4468.830078125,20750.2
2023-08-11,29397.71484375,10195168197,4464.0498046875,20750.2
2023-08-14,29408.443359375,14013695304,4489.72021484375,20750.2
2023-08-15,29170.34765625,12640195779,4437.85986328125,20750.2
2023-08-16,28701.779296875,14949271904,4404.330078125,20750.2
2023-08-17,26664.55078125,31120851211,4370.35986328125,20750.2
2023-08-18,26049.556640625,24026236529,4369.7099609375,20750.2
2023-08-21,26124.140625,13371557893,4399.77001953125,20750.2
2023-08-22,26031.65625,14503820706,4387.5498046875,20750.2
2023-08-23,26431.640625,16985265785,4436.009765625,20750.2
2023-08-24,26162.373046875,12871532023,4376.31005859375,20750.2
2023-08-25,26047.66796875,12406045118,4405.7099609375,20750.2
2023-08-28,26106.150390625,11002805166,4433.31005859375,20750.2
2023-08-29,27727.392578125,29368391712,4497.6298828125,20750.2
2023-08-30,27297.265625,16343655235,4514.8701171875,20750.2
2023-08-31,25931.47265625,20181001451,4507.66015625,20750.2
2023-09-01,25800.724609375,17202862221,4515.77001953125,20700.1
2023-09-05,25779.982421875,11094740040,4496.830078125,20700.1
2023-09-06,25753.236328125,12752705327,4465.47998046875,20700.1
2023-09-07,26240.1953125,11088307100,4451.14013671875,20700.1
2023-09-08,25905.654296875,10817356400,4457.490234375,20700.1
2023-09-11,25162.654296875,14600006467,4487.4599609375,20700.1
2023-09-12,25833.34375,18657279324,4461.89990234375,20700.1
2023-09-13,26228.32421875,13072077070,4467.43994140625,20700.1
2023-09-14,26539.673828125,13811359124,4505.10009765625,20700.1
2023-09-15,26608.693359375,11479735788,4450.31982421875,20700.1
2023-09-18,26754.28125,15615339655,4453.52978515625,20700.1
2023-09-19,27211.1171875,13807690550,4443.9501953125,20700.1
2023-09-20,27132.0078125,13281116604,4402.2001953125,20700.1
2023-09-21,26567.6328125,13371443708,4330.0,20700.1
2023-09-22,26579.568359375,10578746709,4320.06005859375,20700.1
2023-09-25,26298.48046875,11997833257,4337.43994140625,20700.1
2023-09-26,26217.25,9985498161,4273.52978515625,20700.1
2023-09-27,26352.716796875,11718380997,4274.509765625,20700.1
2023-09-28,27021.546875,14079002707,4299.7001953125,20700.1
2023-09-29,26911.720703125,10396435377,4288.0498046875,20700.1
2023-10-02,27530.78515625,19793041322,4288.39013671875,20688.1
2023-10-03,27429.978515625,11407814187,4229.4501953125,20688.1
2023-10-04,27799.39453125,11143355314,4263.75,20688.1
2023-10-05,27415.912109375,11877253670,4258.18994140625,20688.1
2023-10-06,27946.59765625,13492391599,4308.5,20688.1
2023-10-09,27583.677734375,12007668568,4335.66015625,20688.1
2023-10-10,27391.01953125,9973350678,4358.240234375,20688.1
2023-10-11,26873.3203125,13648094333,4376.9501953125,20688.1
2023-10-12,26756.798828125,9392909295,4349.60986328125,20688.1
2023-10-13,26862.375,15165312851,4327.77978515625,20688.1
2023-10-16,28519.466796875,27833876539,4373.6298828125,20688.1
2023-10-17,28415.748046875,14872527508,4373.2001953125,20688.1
2023-10-18,28328.341796875,12724128586,4314.60009765625,20688.1
2023-10-19,28719.806640625,14448058195,4278.0,20688.1
2023-10-20,29682.94921875,21536125230,4224.16015625,20688.1
2023-10-23,33086.234375,38363572311,4217.0400390625,20688.1
2023-10-24,33901.52734375,44934999645,4247.68017578125,20688.1
2023-10-25,34502.8203125,25254318008,4186.77001953125,20688.1
2023-10-26,34156.6484375,19427195376,4137.22998046875,20688.1
2023-10-27,33909.80078125,16418032871,4117.3701171875,20688.1
2023-10-30,34502.36328125,17184860315,4166.81982421875,20688.1
2023-10-31,34667.78125,15758270810,4193.7998046875,20688.1
2023-11-01,35437.25390625,22446272005,4237.85986328125,20706.2
2023-11-02,34938.2421875,20998158544,4317.77978515625,20706.2
2023-11-03,34732.32421875,17158456701,4358.33984375,20706.2
2023-11-06,35037.37109375,12693436420,4365.97998046875,20706.2
2023-11-07,35443.5625,18834737789,4378.3798828125,20706.2
2023-11-08,35655.27734375,17295394918,4382.77978515625,20706.2
2023-11-09,36693.125,37762672382,4347.35009765625,20706.2
2023-11-10,37313.96875,22711265155,4415.240234375,20706.2
2023-11-13,36502.35546875,19057712790,4411.5498046875,20706.2
2023-11-14,35537.640625,23857403554,4495.7001953125,20706.2
2023-11-15,37880.58203125,27365821679,4502.8798828125,20706.2
2023-11-16,36154.76953125,26007385366,4508.240234375,20706.2
2023-11-17,36596.68359375,22445028430,4514.02001953125,20706.2
2023-11-20,37476.95703125,20888209068,4547.3798828125,20706.2
2023-11-21,35813.8125,25172163756,4538.18994140625,20706.2
2023-11-22,37432.33984375,24397247860,4556.6201171875,20706.2
2023-11-24,37720.28125,22922957823,4559.33984375,20706.2
2023-11-27,37254.16796875,19002925720,4550.43017578125,20706.2
2023-11-28,37831.0859375,21696137014,4554.89013671875,20706.2
2023-11-29,37858.4921875,20728546658,4550.580078125,20706.2
2023-11-30,37712.74609375,18115982627,4567.7998046875,20706.2
2023-12-01,38688.75,23512784002,4594.6298828125,20759.3
2023-12-04,41980.09765625,39856129827,4569.77978515625,20759.3
2023-12-05,44080.6484375,36312154535,4567.18017578125,20759.3
2023-12-06,43746.4453125,29909761586,4549.33984375,20759.3
2023-12-07,43292.6640625,27635760671,4585.58984375,20759.3
2023-12-08,44166.6015625,24421116687,4604.3701171875,20759.3
2023-12-11,41243.83203125,40632672038,4622.43994140625,20759.3
2023-12-12,41450.22265625,24779520132,4643.7001953125,20759.3
2023-12-13,42890.7421875,26797884674,4707.08984375,20759.3
2023-12-14,43023.97265625,25578530178,4719.5498046875,20759.3
2023-12-15,41929.7578125,19639442462,4719.18994140625,20759.3
2023-12-18,42623.5390625,25224642008,4740.56005859375,20759.3
2023-12-19,42270.52734375,23171001281,4768.3701171875,20759.3
2023-12-20,43652.25,27868908174,4698.35009765625,20759.3
2023-12-21,43869.15234375,22452766169,4746.75,20759.3
2023-12-22,43997.90234375,21028503216,4754.6298828125,20759.3
2023-12-26,42520.40234375,30026850982,4774.75,20759.3
2023-12-27,43442.85546875,25260941032,4781.580078125,20759.3
2023-12-28,42627.85546875,22992093014,4783.35009765625,20759.3
2023-12-29,42099.40234375,26000021055,4769.830078125,20759.3
2024-01-02,44957.96875,39335274536,4742.830078125,20760.4
2024-01-03,42848.17578125,46342323118,4704.81005859375,20760.4
2024-01-04,44179.921875,30448091210,4688.68017578125,20760.4
2024-01-05,44162.69140625,32336029347,4697.240234375,20760.4
2024-01-08,46970.50390625,42746192015,4763.5400390625,20760.4
2024-01-09,46139.73046875,39821290992,4756.5,20760.4
2024-01-10,46627.77734375,50114613298,4783.4501953125,20760.4
2024-01-11,46368.5859375,45833734549,4780.240234375,20760.4
2024-01-12,42853.16796875,43332698900,4783.830078125,20760.4
2024-01-16,43154.9453125,24062872740,4765.97998046875,20760.4
2024-01-17,42742.65234375,20851232595,4739.2099609375,20760.4
2024-01-18,41262.05859375,25218357242,4780.93994140625,20760.4
2024-01-19,41618.40625,25752407154,4839.81005859375,20760.4
2024-01-22,39507.3671875,31338708143,4850.43017578125,20760.4
2024-01-23,39845.55078125,29244553045,4864.60009765625,20760.4
2024-01-24,40077.07421875,22359526178,4868.5498046875,20760.4
2024-01-25,39933.80859375,18491782013,4894.16015625,20760.4
2024-01-26,41816.87109375,25598119893,4890.97021484375,20760.4
2024-01-29,43288.24609375,20668476578,4927.93017578125,20760.4
2024-01-30,42952.609375,23842814518,4924.97021484375,20760.4
2024-01-31,42582.60546875,24673628793,4845.64990234375,20760.4
2024-02-01,43075.7734375,21423953779,4906.18994140625,20800.7
2024-02-02,43185.859375,18603843039,4958.60986328125,20800.7
2024-02-05,42658.66796875,18715487317,4942.81005859375,20800.7
2024-02-06,43084.671875,16798476726,4954.22998046875,20800.7
2024-02-07,44318.22265625,21126587775,4995.06005859375,20800.7
2024-02-08,45301.56640625,26154524080,4997.91015625,20800.7
2024-02-09,47147.19921875,39316770844,5026.60986328125,20800.7
2024-02-12,49958.22265625,34511985805,5021.83984375,20800.7
2024-02-13,49742.44140625,35593051468,4953.169921875,20800.7
2024-02-14,51826.6953125,39105608050,5000.6201171875,20800.7
2024-02-15,51938.5546875,38564360533,5029.72998046875,20800.7
2024-02-16,52160.203125,28180567298,5005.56982421875,20800.7
2024-02-20,52284.875,33353758256,4975.509765625,20800.7
2024-02-21,51839.1796875,28624907020,4981.7998046875,20800.7
2024-02-22,51304.97265625,25413900611,5087.02978515625,20800.7
2024-02-23,50731.94921875,21427078270,5088.7998046875,20800.7
2024-02-26,54522.40234375,34074411896,5069.52978515625,20800.7
2024-02-27,57085.37109375,49756832031,5078.18017578125,20800.7
2024-02-28,62504.7890625,83239156760,5069.759765625,20800.7
2024-02-29,61198.3828125,65496611844,5096.27001953125,20800.7
2024-03-01,62440.6328125,40186368423,5137.080078125,20905.6
2024-03-04,68330.4140625,70670471105,5130.9501953125,20905.6
2024-03-05,63801.19921875,102802940877,5078.64990234375,20905.6
2024-03-06,66106.8046875,68750229073,5104.759765625,20905.6
2024-03-07,66925.484375,46989543159,5157.35986328125,20905.6
2024-03-08,68300.09375,59202881172,5123.68994140625,20905.6
2024-03-11,72123.90625,65716656765,5117.93994140625,20905.6
2024-03-12,71481.2890625,62554434520,5175.27001953125,20905.6
2024-03-13,73083.5,48212536929,5165.31005859375,20905.6
2024-03-14,71396.59375,59594605698,5150.47998046875,20905.6
2024-03-15,69403.7734375,78320453976,5117.08984375,20905.6
2024-03-18,67548.59375,49261579492,5149.419921875,20905.6
2024-03-19,61912.7734375,74215844794,5178.509765625,20905.6
2024-03-20,67913.671875,66792634382,5224.6201171875,20905.6
2024-03-21,65491.390625,44480350565,5241.52978515625,20905.6
2024-03-22,63778.76171875,41401116964,5234.18017578125,20905.6
2024-03-25,69958.8125,42700139523,5218.18994140625,20905.6
2024-03-26,69987.8359375,36010437368,5203.580078125,20905.6
2024-03-27,69455.34375,40827113309,5248.490234375,20905.6
2024-03-28,70744.953125,34374900617,5254.35009765625,20905.6
2024-04-01,69702.1484375,34873527352,5243.77001953125,20931.6
2024-04-02,65446.97265625,50705240709,5205.81005859375,20931.6
2024-04-03,65980.8125,34488018367,5211.490234375,20931.6
2024-04-04,68508.84375,34439527442,5147.2099609375,20931.6
2024-04-05,67837.640625,33748230056,5204.33984375,20931.6
2024-04-08,71631.359375,37261432669,5202.39013671875,20931.6
2024-04-09,69139.015625,36426900409,5209.91015625,20931.6
2024-04-10,70587.8828125,38318601774,5160.64013671875,20931.6
2024-04-11,70060.609375,30153382941,5199.06005859375,20931.6
2024-04-12,67195.8671875,44129299406,5123.41015625,20931.6
2024-04-15,63426.2109375,43595917654,5061.81982421875,20931.6
2024-04-16,63811.86328125,42847528078,5051.41015625,20931.6
2024-04-17,61276.69140625,41915247049,5022.2099609375,20931.6
2024-04-18,63512.75390625,36006307335,5011.1201171875,20931.6
2024-04-19,63843.5703125,49920425401,4967.22998046875,20931.6
2024-04-22,66837.6796875,28282686673,5010.60009765625,20931.6
2024-04-23,66407.2734375,24310975583,5070.5498046875,20931.6
2024-04-24,64276.8984375,30276655120,5071.6298828125,20931.6
2024-04-25,64481.70703125,32155786816,5048.419921875,20931.6
2024-04-26,63755.3203125,24139372950,5099.9599609375,20931.6
2024-04-29,63841.12109375,26635912073,5116.169921875,20931.6
2024-04-30,60636.85546875,37840840057,5035.68994140625,20931.6
2024-05-01,58254.01171875,48439780271,5018.39013671875,21013.0
2024-05-02,59123.43359375,32711813559,5064.2001953125,21013.0
2024-05-03,62889.8359375,33172023048,5127.7900390625,21013.0
2024-05-06,63161.94921875,28697928697,5180.740234375,21013.0
2024-05-07,62334.81640625,25930730982,5187.7001953125,21013.0
2024-05-08,61187.94140625,26088172222,5187.669921875,21013.0
2024-05-09,63049.9609375,25453338161,5214.080078125,21013.0
2024-05-10,60792.77734375,27804954694,5222.68017578125,21013.0
2024-05-13,62901.44921875,27889181179,5221.419921875,21013.0
2024-05-14,61552.7890625,28186271527,5246.68017578125,21013.0
2024-05-15,66267.4921875,39815167074,5308.14990234375,21013.0
2024-05-16,65231.58203125,31573077994,5297.10009765625,21013.0
2024-05-17,67051.875,28031279310,5303.27001953125,21013.0
2024-05-20,71448.1953125,43850655717,5308.1298828125,21013.0
2024-05-21,70136.53125,46932005990,5321.41015625,21013.0
2024-05-22,69122.3359375,32802561717,5307.009765625,21013.0
2024-05-23,67929.5625,41895680979,5267.83984375,21013.0
2024-05-24,68526.1015625,29197308153,5304.72021484375,21013.0
2024-05-28,68296.21875,32722265965,5306.0400390625,21013.0
2024-05-29,67578.09375,26707072906,5266.9501953125,21013.0
2024-05-30,68364.9921875,29509712534,5235.47998046875,21013.0
2024-05-31,67491.4140625,27387283769,5277.509765625,21013.0
2024-06-03,68804.78125,32401285324,5283.39990234375,21079.2
2024-06-04,70567.765625,33149696545,5291.33984375,21079.2
2024-06-05,71082.8203125,32810771409,5354.02978515625,21079.2
2024-06-06,70757.1640625,25223152007,5352.9599609375,21079.2
2024-06-07,69342.5859375,36188381096,5346.990234375,21079.2
2024-06-10,69512.28125,20597699541,5360.7900390625,21079.2
2024-06-11,67332.03125,37116136345,5375.31982421875,21079.2
2024-06-12,68241.1875,34497940694,5421.02978515625,21079.2
2024-06-13,66756.3984375,28955204146,5433.740234375,21079.2
2024-06-14,66011.09375,27403884779,5431.60009765625,21079.2
2024-06-17,66490.296875,30006354476,5473.22998046875,21079.2
2024-06-18,65140.74609375,39481285950,5487.02978515625,21079.2
2024-06-20,64828.65625,25641109124,5473.169921875,21079.2
2024-06-21,64096.19921875,26188171739,5464.6201171875,21079.2
2024-06-24,60277.4140625,43152133651,5447.8701171875,21079.2
2024-06-25,61804.640625,29201215431,5469.2998046875,21079.2
2024-06-26,60811.27734375,22506003064,5477.89990234375,21079.2
2024-06-27,61604.80078125,21231745045,5482.8701171875,21079.2
2024-06-28,60320.13671875,24952866877,5460.47998046875,21079.2
2024-07-01,62851.98046875,25468379421,5475.08984375,21093.6
2024-07-02,62029.015625,20151616992,5509.009765625,21093.6
2024-07-03,60173.921875,29756701685,5537.02001953125,21093.6
2024-07-05,56662.375,55417544033,5567.18994140625,21093.6
2024-07-08,56705.09765625,39766159899,5572.85009765625,21093.6
2024-07-09,58009.2265625,27849512607,5576.97998046875,21093.6
2024-07-10,57742.49609375,26175260526,5633.91015625,21093.6
2024-07-11,57344.9140625,28707803842,5584.5400390625,21093.6
2024-07-12,57899.46484375,25604805221,5615.35009765625,21093.6
2024-07-15,64870.15234375,38094526099,5631.22021484375,21093.6
2024-07-16,65097.1484375,41617346768,5667.2001953125,21093.6
2024-07-17,64118.79296875,32525071311,5588.27001953125,21093.6
2024-07-18,63974.06640625,27239305337,5544.58984375,21093.6
2024-07-19,66710.15625,37003855410,5505.0,21093.6
2024-07-22,67585.25,42649109453,5564.41015625,21093.6
2024-07-23,65927.671875,35605668666,5555.740234375,21093.6
2024-07-24,65372.1328125,27470942309,5427.1298828125,21093.6
2024-07-25,65777.2265625,38315761670,5399.22021484375,21093.6
2024-07-26,67912.0625,30488630457,5459.10009765625,21093.6
2024-07-29,66819.9140625,40780682628,5463.5400390625,21093.6
2024-07-30,66201.015625,31380492109,5436.43994140625,21093.6
2024-07-31,64619.25,31292785994,5522.2998046875,21093.6
2024-08-01,65357.5,40975554494,5446.68017578125,21182.5
2024-08-02,61415.06640625,43060875727,5346.56005859375,21182.5
2024-08-05,53991.45703125,108991085584,5186.330078125,21182.5
2024-08-06,56034.31640625,49300484106,5240.02978515625,21182.5
2024-08-07,55027.4609375,41637562185,5199.5,21182.5
2024-08-08,61710.13671875,45298472567,5319.31005859375,21182.5
2024-08-09,60880.11328125,33425553115,5344.16015625,21182.5
2024-08-12,59354.515625,37078637820,5344.39013671875,21182.5
2024-08-13,60609.56640625,30327698167,5434.43017578125,21182.5
2024-08-14,58737.26953125,29961696180,5455.2099609375,21182.5
2024-08-15,57560.09765625,35682112440,5543.22021484375,21182.5
2024-08-16,58894.10546875,29350938673,5554.25,21182.5
2024-08-19,59493.453125,25911207712,5608.25,21182.5
2024-08-20,59012.79296875,31613400008,5597.1201171875,21182.5
2024-08-21,61175.19140625,32731154072,5620.85009765625,21182.5
2024-08-22,60381.9140625,27625734377,5570.64013671875,21182.5
2024-08-23,64094.35546875,42530509233,5634.60986328125,21182.5
2024-08-26,62880.66015625,27682040631,5616.83984375,21182.5
2024-08-27,59504.1328125,39103882198,5625.7998046875,21182.5
2024-08-28,59027.625,40289564698,5592.18017578125,21182.5
2024-08-29,59388.1796875,32224990582,5591.9599609375,21182.5
2024-08-30,59119.4765625,32292756405,5648.39990234375,21182.5
2024-09-03,57431.0234375,26666961053,5528.93017578125,21252.4
2024-09-04,57971.5390625,35627680312,5520.06982421875,21252.4
2024-09-05,56160.48828125,31030280656,5503.41015625,21252.4
2024-09-06,53948.75390625,49361693566,5408.419921875,21252.4
2024-09-09,57019.53515625,34618096173,5471.0498046875,21252.4
2024-09-10,57648.7109375,28857630507,5495.52001953125,21252.4
2024-09-11,57343.171875,37049062672,5554.1298828125,21252.4
2024-09-12,58127.01171875,33835707949,5595.759765625,21252.4
2024-09-13,60571.30078125,32490528356,5626.02001953125,21252.4
2024-09-16,58192.5078125,32032822113,5633.08984375,21252.4
2024-09-17,60308.5390625,38075570118,5634.580078125,21252.4
2024-09-18,61649.6796875,40990702891,5618.259765625,21252.4
2024-09-19,62940.45703125,42710252573,5713.64013671875,21252.4
2024-09-20,63192.9765625,35177164222,5702.5498046875,21252.4
2024-09-23,63329.80078125,31400285425,5718.56982421875,21252.4
2024-09-24,64301.96875,29938335243,5732.93017578125,21252.4
2024-09-25,63143.14453125,25078377700,5722.259765625,21252.4
2024-09-26,65181.01953125,36873129847,5745.3701171875,21252.4
2024-09-27,65790.6640625,32058813449,5738.169921875,21252.4
2024-09-30,63329.5,37112957475,5762.47998046875,21252.4
2024-10-01,60837.0078125,50220923500,5708.75,21332.7
2024-10-02,60632.78515625,40762722398,5709.5400390625,21332.7
2024-10-03,60759.40234375,36106447279,5699.93994140625,21332.7
2024-10-04,62067.4765625,29585472513,5751.06982421875,21332.7
2024-10-07,62236.66015625,34253562610,5695.93994140625,21332.7
2024-10-08,62131.96875,28134475157,5751.1298828125,21332.7
2024-10-09,60582.1015625,27670982363,5792.0400390625,21332.7
2024-10-10,60274.5,30452813570,5780.0498046875,21332.7
2024-10-11,62445.08984375,30327141594,5815.02978515625,21332.7
2024-10-14,66046.125,43706958056,5859.85009765625,21332.7
2024-10-15,67041.109375,48863870879,5815.259765625,21332.7
2024-10-16,67612.71875,38195189534,5842.47021484375,21332.7
2024-10-17,67399.8359375,32790898511,5841.47021484375,21332.7
2024-10-18,68418.7890625,36857165014,5864.669921875,21332.7
2024-10-21,67367.8515625,37498611780,5853.97998046875,21332.7
2024-10-22,67361.40625,31808472566,5851.2001953125,21332.7
2024-10-23,66432.1953125,32263980353,5797.419921875,21332.7
2024-10-24,68161.0546875,31414428647,5809.85986328125,21332.7
2024-10-25,66642.4140625,41469984306,5808.1201171875,21332.7
2024-10-28,69907.7578125,38799856657,5823.52001953125,21332.7
2024-10-29,72720.4921875,58541874402,5832.919921875,21332.7
2024-10-30,72339.5390625,40646637831,5813.669921875,21332.7
2024-10-31,70215.1875,40627912076,5705.4501953125,21332.7
2024-11-01,69482.46875,49989795365,5728.7998046875,21465.8
2024-11-04,67811.5078125,41184819348,5712.68994140625,21465.8
2024-11-05,69359.5625,46046889204,5782.759765625,21465.8
2024-11-06,75639.078125,118592653963,5929.0400390625,21465.8
2024-11-07,75904.859375,63467654989,5973.10009765625,21465.8
2024-11-08,76545.4765625,55176858003,5995.5400390625,21465.8
2024-11-11,88701.484375,117966845037,6001.35009765625,21465.8
2024-11-12,87955.8125,133673285375,5983.990234375,21465.8
2024-11-13,90584.1640625,123559027869,5985.3798828125,21465.8
2024-11-14,87250.4296875,87616705248,5949.169921875,21465.8
2024-11-15,91066.0078125,78243109518,5870.6201171875,21465.8
2024-11-18,90542.640625,75535775084,5893.6201171875,21465.8
2024-11-19,92343.7890625,74521048295,5916.97998046875,21465.8
2024-11-20,94339.4921875,71730956426,5917.10986328125,21465.8
2024-11-21,98504.7265625,106024505582,5948.7099609375,21465.8
2024-11-22,98997.6640625,78473580551,5969.33984375,21465.8
2024-11-25,93102.296875,80909462490,5987.3701171875,21465.8
2024-11-26,91985.3203125,91656519855,6021.6298828125,21465.8
2024-11-27,95962.53125,71133452438,5998.740234375,21465.8
2024-11-29,97461.5234375,54968682476,6032.3798828125,21465.8
2024-12-02,95865.3046875,72680784305,6047.14990234375,21549.3
2024-12-03,96002.1640625,67067810961,6049.8798828125,21549.3
2024-12-04,98768.53125,77199817112,6086.490234375,21549.3
2024-12-05,96593.5703125,149218945580,6075.10986328125,21549.3
2024-12-06,99920.7109375,94534772658,6090.27001953125,21549.3
2024-12-09,97432.71875,110676473908,6052.85009765625,21549.3
2024-12-10,96675.4296875,104823780634,6034.91015625,21549.3
2024-12-11,101173.03125,85391409936,6084.18994140625,21549.3
2024-12-12,100043.0,72073983533,6051.25,21549.3
2024-12-13,101459.2578125,56894751583,6051.08984375,21549.3
2024-12-16,106029.71875,91020417816,6074.080078125,21549.3
2024-12-17,106140.6015625,68589364868,6050.60986328125,21549.3
2024-12-18,100041.5390625,93865656139,5872.16015625,21549.3
2024-12-19,97490.953125,97221662392,5867.080078125,21549.3
2024-12-20,97755.9296875,105634083408,5930.85009765625,21549.3
2024-12-23,94686.2421875,65239002919,5974.06982421875,21549.3
2024-12-24,98676.09375,47114953674,6040.0400390625,21549.3
2024-12-26,95795.515625,47054980873,6037.58984375,21549.3
2024-12-27,94164.859375,52419934565,5970.83984375,21549.3
2024-12-30,92643.2109375,56188003691,5906.93994140625,21549.3
2024-12-31,93429.203125,43625106843,5881.6298828125,21549.3
